File name,Segment length,Normalized segment length,Total segment weight,Alignment position
Fournier_Y-W.fasta,1,0.0023752969121140144,1.0196926713947991,57
Fournier_Y-W.fasta,1,0.0023752969121140144,1.0356973995271868,24
Fournier_Y-W.fasta,1,0.0023752969121140144,1.1557801418439717,172
Fournier_Y-W.fasta,1,0.0023752969121140144,1.1767021276595746,142
Fournier_Y-W.fasta,1,0.0023752969121140144,1.205661938534279,294
Fournier_Y-W.fasta,1,0.0023752969121140144,1.2096690307328608,46
Fournier_Y-W.fasta,1,0.0023752969121140144,1.277293144208038,107
Fournier_Y-W.fasta,1,0.0023752969121140144,1.4720567375886529,314
Fournier_Y-W.fasta,1,0.0023752969121140144,1.4779787234042556,37
Fournier_Y-W.fasta,1,0.0023752969121140144,1.4897044917257687,92
Fournier_Y-W.fasta,1,0.0023752969121140144,1.6465602836879434,147
Fournier_Y-W.fasta,1,0.0023752969121140144,2.0203191489361707,214
Fournier_Y-W.fasta,1,0.0023752969121140144,2.3900591016548476,345
Fournier_Y-W.fasta,1,0.0023752969121140144,2.484858156028369,250
Fournier_Y-W.fasta,1,0.0023752969121140144,7.065,75
Fournier_Y-W.fasta,2,0.004750593824228029,2.926808510638298,185
Fournier_Y-W.fasta,2,0.004750593824228029,3.0907565011820335,72
Fournier_Y-W.fasta,2,0.004750593824228029,4.600921985815603,341
Fournier_Y-W.fasta,2,0.004750593824228029,9.751631205673757,79
Fournier_Y-W.fasta,3,0.007125890736342043,6.152328605200946,168
Fournier_Y-W.fasta,3,0.007125890736342043,6.944763593380617,100
Fournier_Y-W.fasta,3,0.007125890736342043,9.377033096926715,258
Fournier_Y-W.fasta,3,0.007125890736342043,18.201146572104022,221
Fournier_Y-W.fasta,4,0.009501187648456057,6.159881796690309,367
Fournier_Y-W.fasta,5,0.011876484560570071,8.865709219858157,162
Fournier_Y-W.fasta,5,0.011876484560570071,12.872990543735225,231
Fournier_Y-W.fasta,5,0.011876484560570071,23.04379432624114,270
Fournier_Y-W.fasta,6,0.014251781472684086,25.630425531914895,89
Fournier_Y-W.fasta,7,0.0166270783847981,12.253463356973999,138
Fournier_Y-W.fasta,8,0.019002375296912115,12.830874704491727,330
Fournier_Y-W.fasta,8,0.019002375296912115,18.63241134751773,119
Fournier_Y-W.fasta,10,0.023752969121140142,25.28404255319149,291
Fournier_Y-W.fasta,10,0.023752969121140142,28.25862884160757,199
IF2-EFTU_Ploop_all.fas.fa,1,0.0038910505836575876,1.7019230769230773,88
IF2-EFTU_Ploop_all.fas.fa,1,0.0038910505836575876,1.8229793340987375,64
IF2-EFTU_Ploop_all.fas.fa,1,0.0038910505836575876,3.7628185993111374,189
IF2-EFTU_Ploop_all.fas.fa,1,0.0038910505836575876,5.603461538461539,236
IF2-EFTU_Ploop_all.fas.fa,2,0.007782101167315175,2.1138346727898973,16
IF2-EFTU_Ploop_all.fas.fa,2,0.007782101167315175,6.107956371986225,253
IF2-EFTU_Ploop_all.fas.fa,2,0.007782101167315175,7.005315729047073,137
IF2-EFTU_Ploop_all.fas.fa,2,0.007782101167315175,7.479483352468427,233
IF2-EFTU_Ploop_all.fas.fa,2,0.007782101167315175,11.868461538461538,109
IF2-EFTU_Ploop_all.fas.fa,3,0.011673151750972763,7.584896670493688,46
IF2-EFTU_Ploop_all.fas.fa,3,0.011673151750972763,8.13415040183697,159
IF2-EFTU_Ploop_all.fas.fa,3,0.011673151750972763,10.879041331802526,195
IF2-EFTU_Ploop_all.fas.fa,3,0.011673151750972763,12.671234213547647,186
IF2-EFTU_Ploop_all.fas.fa,4,0.01556420233463035,8.93634902411022,85
IF2-EFTU_Ploop_all.fas.fa,4,0.01556420233463035,16.791572904707234,27
IF2-EFTU_Ploop_all.fas.fa,7,0.027237354085603113,21.336285878300803,216
IF2-EFTU_Ploop_all.fas.fa,7,0.027237354085603113,24.997135476463832,76
IF2-EFTU_Ploop_all.fas.fa,8,0.0311284046692607,40.91655568312285,101
IF2-EFTU_Ploop_all.fas.fa,10,0.038910505836575876,24.967795637198627,177
IF2-EFTU_Ploop_all.fas.fa,11,0.042801556420233464,51.57768656716418,152
IF2-EFTU_Ploop_all.fas.fa,11,0.042801556420233464,66.01350746268656,40
IF2-EFTU_Ploop_all.fas.fa,16,0.0622568093385214,83.74998851894374,133
IF2-Rossmann_core.fas.fa,1,0.010752688172043012,1.4489053254437874,1373
IF2-Rossmann_core.fas.fa,1,0.010752688172043012,4.465000000000002,10
IF2-Rossmann_core.fas.fa,2,0.021505376344086023,4.990591715976333,42
IF2-Rossmann_core.fas.fa,2,0.021505376344086023,6.281479289940829,47
IF2-Rossmann_core.fas.fa,4,0.043010752688172046,12.281775147928998,92
IF2-Rossmann_core.fas.fa,5,0.053763440860215055,13.871035502958582,55
IF2-Rossmann_core.fas.fa,6,0.06451612903225806,17.31994082840237,21
IF2-Rossmann_core.fas.fa,7,0.07526881720430108,24.74778106508876,33
aL33-bL21.fa,1,0.008695652173913044,1.9043327480245833,36
aL33-bL21.fa,1,0.008695652173913044,1.9395390693590873,95
aL33-bL21.fa,1,0.008695652173913044,1.9752721685689203,82
aL33-bL21.fa,2,0.017391304347826087,3.080746268656717,41
aL33-bL21.fa,2,0.017391304347826087,4.600237050043899,65
aL33-bL21.fa,2,0.017391304347826087,5.9535294117647055,100
aL33-bL21.fa,3,0.02608695652173913,7.476738366988586,47
aL33-bL21.fa,3,0.02608695652173913,9.944780509218612,78
aL33-bL21.fa,4,0.034782608695652174,7.872379280070239,89
aL33-bL21.fa,4,0.034782608695652174,11.264389815627746,20
aL33-bL21.fa,5,0.043478260869565216,12.27758999122037,12
aL33-bL21.fa,6,0.05217391304347826,12.723187006145745,73
aL33-bL21.fa,7,0.06086956521739131,11.51391132572432,33
bL19-uL2-SH3.promals.fas,1,0.013513513513513514,3.2204054054054057,1373
bL19-uL2-SH3.promals.fas,1,0.013513513513513514,5.902837837837838,23
bL19-uL2-SH3.promals.fas,2,0.02702702702702703,5.435794430794433,59
bL19-uL2-SH3.promals.fas,2,0.02702702702702703,7.885221130221131,17
bL19-uL2-SH3.promals.fas,3,0.04054054054054054,6.3294185094185105,12
bL19-uL2-SH3.promals.fas,3,0.04054054054054054,8.33842751842752,72
bL19-uL2-SH3.promals.fas,3,0.04054054054054054,12.146167076167078,7
bL19-uL2-SH3.promals.fas,4,0.05405405405405406,9.750888615888616,34
bL19-uL2-SH3.promals.fas,7,0.0945945945945946,17.471380016380017,53
bL27CP-uL16b-31_mafft.fasta,1,0.008130081300813009,1.1163342379014023,17
bL27CP-uL16b-31_mafft.fasta,1,0.008130081300813009,2.6231184984170066,74
bL27CP-uL16b-31_mafft.fasta,1,0.008130081300813009,3.045551786521936,53
bL27CP-uL16b-31_mafft.fasta,1,0.008130081300813009,4.260612844866577,79
bL27CP-uL16b-31_mafft.fasta,1,0.008130081300813009,6.617238805970149,90
bL27CP-uL16b-31_mafft.fasta,1,0.008130081300813009,7.065,70
bL27CP-uL16b-31_mafft.fasta,2,0.016260162601626018,5.923532338308458,35
bL27CP-uL16b-31_mafft.fasta,2,0.016260162601626018,6.363152419719585,14
bL27CP-uL16b-31_mafft.fasta,3,0.024390243902439025,10.54348484848485,113
bL27CP-uL16b-31_mafft.fasta,3,0.024390243902439025,10.86370194482135,9
bL27CP-uL16b-31_mafft.fasta,3,0.024390243902439025,13.140703301673451,42
bL27CP-uL16b-31_mafft.fasta,4,0.032520325203252036,15.839601990049752,87
bL27CP-uL16b-31_mafft.fasta,5,0.04065040650406504,15.985786974219812,64
bL27_CP-uL16b-31.promals.fas,1,0.008333333333333333,1.065,58
bL27_CP-uL16b-31.promals.fas,1,0.008333333333333333,2.371196291270919,40
bL27_CP-uL16b-31.promals.fas,1,0.008333333333333333,3.279902758932611,31
bL27_CP-uL16b-31.promals.fas,1,0.008333333333333333,4.260612844866577,77
bL27_CP-uL16b-31.promals.fas,1,0.008333333333333333,6.617238805970149,88
bL27_CP-uL16b-31.promals.fas,2,0.016666666666666666,4.283731343283582,35
bL27_CP-uL16b-31.promals.fas,2,0.016666666666666666,6.363152419719585,14
bL27_CP-uL16b-31.promals.fas,2,0.016666666666666666,8.51444142921755,51
bL27_CP-uL16b-31.promals.fas,3,0.025,4.482426503844414,65
bL27_CP-uL16b-31.promals.fas,3,0.025,10.54348484848485,111
bL27_CP-uL16b-31.promals.fas,3,0.025,10.86370194482135,9
bL27_CP-uL16b-31.promals.fas,4,0.03333333333333333,15.839601990049752,85
bS01-RNAP7Ca.fasta,1,0.0017094017094017094,1.0475367647058824,203
bS01-RNAP7Ca.fasta,1,0.0017094017094017094,1.1775919117647062,115
bS01-RNAP7Ca.fasta,1,0.0017094017094017094,1.5968321078431376,47
bS01-RNAP7Ca.fasta,1,0.0017094017094017094,2.326029411764707,124
bS01-RNAP7Ca.fasta,2,0.003418803418803419,3.8515073529411765,186
bS01-RNAP7Ca.fasta,2,0.003418803418803419,4.540232843137255,198
bS01-RNAP7Ca.fasta,3,0.005128205128205128,5.52404411764706,120
bS01-RNAP7Ca.fasta,3,0.005128205128205128,5.89904411764706,54
bS01-RNAP7Ca.fasta,3,0.005128205128205128,7.388014705882354,137
bS01-RNAP7Ca.fasta,4,0.006837606837606838,7.162696078431374,303
bS01-RNAP7Ca.fasta,4,0.006837606837606838,10.414442401960788,132
bS01-RNAP7Ca.fasta,4,0.006837606837606838,10.617536764705884,182
bS01-RNAP7Ca.fasta,4,0.006837606837606838,15.054730392156863,64
bS01-RNAP7Ca.fasta,7,0.011965811965811967,13.25310049019608,172
bS01-RNAP7Ca.fasta,7,0.011965811965811967,24.136372549019608,292
bS01-RNAP7Ca.fasta,14,0.023931623931623933,36.00712009803922,272
bS01-RNAP7Ca.fasta,30,0.05128205128205128,112.28854166666667,241
eL14-uL2-SH3.promals.fas,1,0.014285714285714285,1.0661473737888834,65
eL14-uL2-SH3.promals.fas,1,0.014285714285714285,1.2782840387557373,68
eL14-uL2-SH3.promals.fas,1,0.014285714285714285,3.954240183579806,48
eL14-uL2-SH3.promals.fas,2,0.02857142857142857,8.83805711371749,10
eL14-uL2-SH3.promals.fas,2,0.02857142857142857,9.061030086690465,29
eL14-uL2-SH3.promals.fas,3,0.04285714285714286,8.965397756246812,35
eL14-uL2-SH3.promals.fas,4,0.05714285714285714,12.43427332993371,20
eL14-uL2-SH3.promals.fas,5,0.07142857142857142,8.642134115247325,60
eL14-uL2-SH3.promals.fas,5,0.07142857142857142,11.898176950535444,45
eL21-uL2-SH3.promals.fas,1,0.014925373134328358,1.4324820390010267,60
eL21-uL2-SH3.promals.fas,1,0.014925373134328358,1.92587068080739,38
eL21-uL2-SH3.promals.fas,1,0.014925373134328358,2.7935323297981514,15
eL21-uL2-SH3.promals.fas,1,0.014925373134328358,2.909338008894971,25
eL21-uL2-SH3.promals.fas,1,0.014925373134328358,3.007524803284298,65
eL21-uL2-SH3.promals.fas,1,0.014925373134328358,3.163956551488197,48
eL21-uL2-SH3.promals.fas,1,0.014925373134328358,4.242984946972288,11
eL21-uL2-SH3.promals.fas,1,0.014925373134328358,4.3965942524803285,8
eL21-uL2-SH3.promals.fas,1,0.014925373134328358,6.746406089633939,5
eL21-uL2-SH3.promals.fas,1,0.014925373134328358,7.065,28
eL21-uL2-SH3.promals.fas,2,0.029850746268656716,6.115631200821076,45
eL21-uL2-SH3.promals.fas,2,0.029850746268656716,6.826707150188164,20
eL21-uL2-SH3.promals.fas,2,0.029850746268656716,7.427297297297297,54
eL21-uL2-SH3.promals.fas,3,0.04477611940298507,6.889406431748204,35
eL37-bL34.fasta,2,0.03076923076923077,6.061818181818182,38
eL37-bL34.fasta,2,0.03076923076923077,8.976336499321574,24
eL37-bL34.fasta,3,0.046153846153846156,11.15253052917232,7
eL37-bL34.fasta,4,0.06153846153846154,14.296635006784262,32
eL37-bL34.fasta,5,0.07692307692307693,16.975610583446404,52
eL37-bL34.fasta,7,0.1076923076923077,18.782883310719136,19
eL8-eL30.fas.promals.fasta,1,0.0136986301369863,1.4916723842195538,53
eL8-eL30.fas.promals.fasta,1,0.0136986301369863,3.1018782161234992,38
eL8-eL30.fas.promals.fasta,1,0.0136986301369863,3.4193739279588335,4
eL8-eL30.fas.promals.fasta,2,0.0273972602739726,3.2001114922813034,43
eL8-eL30.fas.promals.fasta,3,0.0410958904109589,10.074073756432245,48
eL8-eL30.fas.promals.fasta,24,0.3287671232876712,74.99404802744425,34
eS28-uS17-OB.fas.promals.fas,1,0.015625,1.0520571563533303,20
eS28-uS17-OB.fas.promals.fas,1,0.015625,1.128278223901748,34
eS28-uS17-OB.fas.promals.fas,2,0.03125,6.624756731223429,14
eS28-uS17-OB.fas.promals.fas,4,0.0625,6.052253188474257,26
eS28-uS17-OB.fas.promals.fas,6,0.09375,15.84318847425602,45
eS28-uS17-OB.fas.promals.fas,9,0.140625,30.901995748700998,1373
eS4-uL02-SH3.promals.fas,1,0.014084507042253521,1.2434639069449198,60
eS4-uL02-SH3.promals.fas,1,0.014084507042253521,1.642104002736914,36
eS4-uL02-SH3.promals.fas,1,0.014084507042253521,1.7765121450564494,12
eS4-uL02-SH3.promals.fas,1,0.014084507042253521,1.790880944235375,9
eS4-uL02-SH3.promals.fas,1,0.014084507042253521,2.4604840916866233,24
eS4-uL02-SH3.promals.fas,1,0.014084507042253521,3.5024957235716725,32
eS4-uL02-SH3.promals.fas,1,0.014084507042253521,5.2637683886418065,19
eS4-uL02-SH3.promals.fas,1,0.014084507042253521,5.896645569620253,27
eS4-uL02-SH3.promals.fas,1,0.014084507042253521,6.0229199452617195,6
eS4-uL02-SH3.promals.fas,3,0.04225352112676056,7.289671570304481,53
eS4-uL02-SH3.promals.fas,3,0.04225352112676056,11.704775915155661,66
eS4-uL02-SH3.promals.fas,4,0.056338028169014086,8.073624700650019,48
uL02b-bL34-better.fas,1,0.0035335689045936395,3.0576486968144354,266
uL02b-bL34-better.fas,1,0.0035335689045936395,7.259029850746269,248
uL02b-bL34-better.fas,2,0.007067137809187279,11.217101804410781,71
uL02b-bL34-better.fas,7,0.024734982332155476,21.85101247493874,262
uL02b-bL34-better.fas,8,0.028268551236749116,23.233254622410342,280
uL02c-eL37-better.fasta,1,0.0036101083032490976,1.2757851239669424,259
uL02c-eL37-better.fasta,2,0.007220216606498195,6.190743801652893,235
uL02c-eL37-better.fasta,3,0.010830324909747292,7.670661157024795,223
uL02c-eL37-better.fasta,3,0.010830324909747292,8.949214876033059,5
uL02c-eL37-better.fasta,3,0.010830324909747292,10.458223140495868,228
uL02c-eL37-better.fasta,4,0.01444043321299639,16.98780991735537,242
uL11a_bS18.fas.promals.fas,1,0.010752688172043012,1.0376107226107227,26
uL11a_bS18.fas.promals.fas,1,0.010752688172043012,1.132890442890443,16
uL11a_bS18.fas.promals.fas,1,0.010752688172043012,1.795477855477856,48
uL11a_bS18.fas.promals.fas,1,0.010752688172043012,1.949615384615385,52
uL11a_bS18.fas.promals.fas,1,0.010752688172043012,1.9848717948717947,55
uL11a_bS18.fas.promals.fas,1,0.010752688172043012,2.148916083916084,62
uL11a_bS18.fas.promals.fas,1,0.010752688172043012,2.712435897435898,59
uL11a_bS18.fas.promals.fas,1,0.010752688172043012,2.8796853146853145,30
uL11a_bS18.fas.promals.fas,2,0.021505376344086023,2.471404428904429,75
uL11a_bS18.fas.promals.fas,3,0.03225806451612903,8.342435897435898,67
uL11a_bS18.fas.promals.fas,6,0.06451612903225806,13.449149184149185,13
uL11a_eS17.fas.promals.fas,1,0.01098901098901099,5.142935222672065,51
uL11a_eS17.fas.promals.fas,2,0.02197802197802198,2.8985728744939276,83
uL11a_eS17.fas.promals.fas,2,0.02197802197802198,3.5885020242914987,78
uL11a_eS17.fas.promals.fas,2,0.02197802197802198,4.574078947368421,32
uL11a_eS17.fas.promals.fas,2,0.02197802197802198,5.6138056680161945,37
uL11a_eS17.fas.promals.fas,3,0.03296703296703297,10.259144736842105,10
uL11a_eS17.fas.promals.fas,3,0.03296703296703297,12.260536437246962,59
uL11a_eS19.fas.promals.fas,1,0.010309278350515464,1.160180136319377,53
uL11a_eS19.fas.promals.fas,2,0.020618556701030927,2.709844206426485,50
uL11a_eS19.fas.promals.fas,2,0.020618556701030927,4.285550146056476,43
uL11a_eS19.fas.promals.fas,3,0.030927835051546393,7.11296494644596,71
uL11a_eS19.fas.promals.fas,5,0.05154639175257732,11.906304771178192,64
uL11a_eS19.fas.promals.fas,7,0.07216494845360824,13.495895813047714,15
uL11a_eS19.fas.promals.fas,7,0.07216494845360824,13.732020447906525,38
uL11b_bS18.fas.promals.fas,1,0.0136986301369863,1.6976905417814514,55
uL11b_bS18.fas.promals.fas,1,0.0136986301369863,2.2771212121212123,52
uL11b_bS18.fas.promals.fas,2,0.0273972602739726,7.8809182736455465,18
uL11b_bS18.fas.promals.fas,2,0.0273972602739726,9.196574839302112,24
uL11b_bS18.fas.promals.fas,3,0.0410958904109589,3.71795684113866,49
uL11b_bS18.fas.promals.fas,4,0.0547945205479452,12.8302479338843,11
uL11b_bS18.fas.promals.fas,5,0.0684931506849315,19.72467860422406,67
uL11b_eS17.fas.promals.fas,1,0.013888888888888888,1.121578947368421,41
uL11b_eS17.fas.promals.fas,1,0.013888888888888888,1.3775996810207338,51
uL11b_eS17.fas.promals.fas,1,0.013888888888888888,1.9148803827751197,64
uL11b_eS17.fas.promals.fas,2,0.027777777777777776,2.0536044657097294,18
uL11b_eS17.fas.promals.fas,3,0.041666666666666664,4.386387559808614,31
uL11b_eS17.fas.promals.fas,4,0.05555555555555555,11.5780023923445,10
uL11b_eS17.fas.promals.fas,4,0.05555555555555555,15.281531100478471,59
uL11b_eS17.fas.promals.fas,5,0.06944444444444445,13.049182615629984,38
uL11b_eS19.fas.promals.fas,1,0.0136986301369863,1.0928097429996166,52
uL11b_eS19.fas.promals.fas,1,0.0136986301369863,2.913101265822785,41
uL11b_eS19.fas.promals.fas,1,0.0136986301369863,3.116783659378597,5
uL11b_eS19.fas.promals.fas,2,0.0273972602739726,3.51337169159954,15
uL11b_eS19.fas.promals.fas,2,0.0273972602739726,3.894480245492903,49
uL11b_eS19.fas.promals.fas,2,0.0273972602739726,6.093943229766015,10
uL11b_eS19.fas.promals.fas,4,0.0547945205479452,8.50836977368623,70
uL11b_eS19.fas.promals.fas,4,0.0547945205479452,9.589689298043728,62
uL11b_eS19.fas.promals.fas,6,0.0821917808219178,10.372355197545073,37
uL14a_eS8_noeuk.fas.promals.fas,1,0.009433962264150943,1.1184591194968552,33
uL14a_eS8_noeuk.fas.promals.fas,1,0.009433962264150943,2.3434765897973446,103
uL14a_eS8_noeuk.fas.promals.fas,1,0.009433962264150943,4.075482180293503,106
uL14a_eS8_noeuk.fas.promals.fas,1,0.009433962264150943,5.351862334032146,99
uL14a_eS8_noeuk.fas.promals.fas,4,0.03773584905660377,7.394067085953878,14
uL14a_eS8_noeuk.fas.promals.fas,6,0.05660377358490566,16.105234102026557,69
uL14a_eS8_noeuk.fas.promals.fas,7,0.0660377358490566,18.283092243186587,28
uL14a_eS8_noeuk.fas.promals.fas,10,0.09433962264150944,29.075227113906365,93
uL14b_eS8_noeuk.fas.promals.fas,1,0.009523809523809525,1.0612686567164182,8
uL14b_eS8_noeuk.fas.promals.fas,1,0.009523809523809525,1.3046351575456057,49
uL14b_eS8_noeuk.fas.promals.fas,1,0.009523809523809525,1.4052432283029297,95
uL14b_eS8_noeuk.fas.promals.fas,1,0.009523809523809525,2.3767744610281922,102
uL14b_eS8_noeuk.fas.promals.fas,1,0.009523809523809525,2.7963432835820896,72
uL14b_eS8_noeuk.fas.promals.fas,1,0.009523809523809525,4.177493090105031,105
uL14b_eS8_noeuk.fas.promals.fas,3,0.02857142857142857,8.54657545605307,92
uL14b_eS8_noeuk.fas.promals.fas,4,0.0380952380952381,8.222410171365397,23
uL14b_eS8_noeuk.fas.promals.fas,4,0.0380952380952381,8.93191818684356,29
uL14b_eS8_noeuk.fas.promals.fas,4,0.0380952380952381,15.775201768933108,69
uL14b_eS8_noeuk.fas.promals.fas,5,0.047619047619047616,12.866569928137096,16
uL14b_eS8_noeuk.fas.promals.fas,6,0.05714285714285714,17.85987285793256,63
uL16a-aRNAPA.fas,1,0.0011273957158962795,1.5032531194295904,454
uL16a-aRNAPA.fas,1,0.0011273957158962795,2.183502673796791,826
uL16a-aRNAPA.fas,1,0.0011273957158962795,2.909991087344029,423
uL16a-aRNAPA.fas,1,0.0011273957158962795,3.4038235294117642,805
uL16a-aRNAPA.fas,1,0.0011273957158962795,4.533449197860963,292
uL16a-aRNAPA.fas,1,0.0011273957158962795,5.015516934046347,50
uL16a-aRNAPA.fas,2,0.002254791431792559,4.077486631016043,377
uL16a-aRNAPA.fas,2,0.002254791431792559,4.763939393939395,819
uL16a-aRNAPA.fas,3,0.0033821871476888386,3.486122994652407,567
uL16a-aRNAPA.fas,3,0.0033821871476888386,5.750222816399288,289
uL16a-aRNAPA.fas,3,0.0033821871476888386,6.46836898395722,393
uL16a-aRNAPA.fas,3,0.0033821871476888386,7.875641711229948,854
uL16a-aRNAPA.fas,3,0.0033821871476888386,7.907442067736185,406
uL16a-aRNAPA.fas,3,0.0033821871476888386,9.501060606060607,342
uL16a-aRNAPA.fas,3,0.0033821871476888386,11.067869875222815,226
uL16a-aRNAPA.fas,3,0.0033821871476888386,11.582843137254905,451
uL16a-aRNAPA.fas,3,0.0033821871476888386,12.035071301247772,336
uL16a-aRNAPA.fas,3,0.0033821871476888386,12.399598930481286,463
uL16a-aRNAPA.fas,4,0.004509582863585118,8.285561497326205,862
uL16a-aRNAPA.fas,4,0.004509582863585118,11.23433155080214,813
uL16a-aRNAPA.fas,4,0.004509582863585118,11.315614973262033,308
uL16a-aRNAPA.fas,4,0.004509582863585118,11.626060606060609,471
uL16a-aRNAPA.fas,4,0.004509582863585118,17.683386809269166,502
uL16a-aRNAPA.fas,5,0.005636978579481398,7.355873440285206,385
uL16a-aRNAPA.fas,5,0.005636978579481398,9.145392156862744,420
uL16a-aRNAPA.fas,5,0.005636978579481398,13.266176470588237,561
uL16a-aRNAPA.fas,6,0.006764374295377677,16.493244206773618,445
uL16a-aRNAPB-hammer.fas,1,0.0053475935828877,1.064630040695524,107
uL16a-aRNAPB-hammer.fas,1,0.0053475935828877,1.1297428782833892,114
uL16a-aRNAPB-hammer.fas,1,0.0053475935828877,1.2201239363669996,51
uL16a-aRNAPB-hammer.fas,1,0.0053475935828877,1.3211228264890864,94
uL16a-aRNAPB-hammer.fas,1,0.0053475935828877,1.5344783573806882,181
uL16a-aRNAPB-hammer.fas,1,0.0053475935828877,1.5992212356640771,163
uL16a-aRNAPB-hammer.fas,1,0.0053475935828877,1.7351072881982987,61
uL16a-aRNAPB-hammer.fas,1,0.0053475935828877,2.5918220495745468,159
uL16a-aRNAPB-hammer.fas,1,0.0053475935828877,2.6724731779504256,178
uL16a-aRNAPB-hammer.fas,1,0.0053475935828877,3.4701054384017764,119
uL16a-aRNAPB-hammer.fas,1,0.0053475935828877,3.7276711061783203,41
uL16a-aRNAPB-hammer.fas,1,0.0053475935828877,4.151718460969294,12
uL16a-aRNAPB-hammer.fas,1,0.0053475935828877,5.591748057713652,29
uL16a-aRNAPB-hammer.fas,2,0.0106951871657754,2.7297040325564197,132
uL16a-aRNAPB-hammer.fas,2,0.0106951871657754,4.653122456529783,66
uL16a-aRNAPB-hammer.fas,2,0.0106951871657754,5.841801701812802,83
uL16a-aRNAPB-hammer.fas,2,0.0106951871657754,7.978390677025528,19
uL16a-aRNAPB-hammer.fas,2,0.0106951871657754,9.772767295597484,37
uL16a-aRNAPB-hammer.fas,2,0.0106951871657754,10.035290418054016,111
uL16a-aRNAPB-hammer.fas,3,0.016042780748663103,8.914570847206809,127
uL16a-aRNAPB-hammer.fas,3,0.016042780748663103,11.804027007029228,26
uL16a-aRNAPB-hammer.fas,4,0.0213903743315508,11.368398076211617,90
uL16a-aRNAPB-hammer.fas,4,0.0213903743315508,12.210795412504625,171
uL16a-aRNAPB-hammer.fas,6,0.03208556149732621,11.414417314095452,77
uL16a-aRNAPB-hammer.fas,7,0.0374331550802139,16.667726600073994,153
uL16a-aRNAPB.fas,1,0.0009000900090009,1.5992212356640771,871
uL16a-aRNAPB.fas,1,0.0009000900090009,2.0758028116907146,585
uL16a-aRNAPB.fas,1,0.0009000900090009,2.457156862745099,749
uL16a-aRNAPB.fas,1,0.0009000900090009,2.5918220495745468,867
uL16a-aRNAPB.fas,1,0.0009000900090009,2.97539585645579,683
uL16a-aRNAPB.fas,1,0.0009000900090009,3.021011838697743,69
uL16a-aRNAPB.fas,1,0.0009000900090009,3.730186829448761,915
uL16a-aRNAPB.fas,1,0.0009000900090009,4.572584165741768,762
uL16a-aRNAPB.fas,1,0.0009000900090009,4.687641509433961,753
uL16a-aRNAPB.fas,1,0.0009000900090009,5.045392156862746,765
uL16a-aRNAPB.fas,1,0.0009000900090009,5.064075101738809,3
uL16a-aRNAPB.fas,1,0.0009000900090009,6.752680355160932,599
uL16a-aRNAPB.fas,2,0.0018001800180018,2.5137217906030345,528
uL16a-aRNAPB.fas,2,0.0018001800180018,3.782312245652979,590
uL16a-aRNAPB.fas,2,0.0018001800180018,4.087454679985203,620
uL16a-aRNAPB.fas,2,0.0018001800180018,5.1425786163522025,773
uL16a-aRNAPB.fas,2,0.0018001800180018,6.177354790972995,616
uL16a-aRNAPB.fas,2,0.0018001800180018,7.163999260081391,582
uL16a-aRNAPB.fas,2,0.0018001800180018,8.243207547169812,758
uL16a-aRNAPB.fas,2,0.0018001800180018,9.3331816500185,535
uL16a-aRNAPB.fas,2,0.0018001800180018,9.739692933777285,910
uL16a-aRNAPB.fas,2,0.0018001800180018,12.195223825379209,687
uL16a-aRNAPB.fas,3,0.0027002700270027003,4.701252312245654,926
uL16a-aRNAPB.fas,3,0.0027002700270027003,5.285603033666298,611
uL16a-aRNAPB.fas,3,0.0027002700270027003,7.630516093229747,664
uL16a-aRNAPB.fas,3,0.0027002700270027003,7.64006104328524,920
uL16a-aRNAPB.fas,3,0.0027002700270027003,10.13710136884943,656
uL16a-aRNAPB.fas,4,0.0036003600360036,8.499104698483167,697
uL16a-aRNAPB.fas,4,0.0036003600360036,12.210795412504625,879
uL16a-aRNAPB.fas,4,0.0036003600360036,12.379422863485019,676
uL16a-aRNAPB.fas,4,0.0036003600360036,17.729367369589347,630
uL16a-aRNAPB.fas,5,0.004500450045004501,11.6840825009249,513
uL16a-aRNAPB.fas,7,0.0063006300630063005,16.667726600073994,861
uL16a_aRNAPA_trunc.fa,1,0.0035971223021582736,1.594796232218378,1373
uL16a_aRNAPA_trunc.fa,1,0.0035971223021582736,3.126130334486736,249
uL16a_aRNAPA_trunc.fa,2,0.007194244604316547,4.460949634755863,203
uL16a_aRNAPA_trunc.fa,3,0.01079136690647482,8.50872549019608,232
uL16a_aRNAPA_trunc.fa,3,0.01079136690647482,10.231216839677048,168
uL16a_aRNAPA_trunc.fa,3,0.01079136690647482,11.81268550557478,52
uL16a_aRNAPA_trunc.fa,3,0.01079136690647482,12.328794694348328,277
uL16a_aRNAPA_trunc.fa,3,0.01079136690647482,13.05028642829681,162
uL16a_aRNAPA_trunc.fa,4,0.014388489208633094,8.011211072664363,220
uL16a_aRNAPA_trunc.fa,4,0.014388489208633094,12.225859284890428,134
uL16a_aRNAPA_trunc.fa,5,0.017985611510791366,7.874442522106884,211
uL16a_aRNAPA_trunc.fa,5,0.017985611510791366,9.857256824298348,246
uL16a_aRNAPA_trunc.fa,5,0.017985611510791366,11.945069204152247,118
uL16a_aRNAPA_trunc.fa,6,0.02158273381294964,17.828292964244525,271
uL16a_aRNAPB_hammer_clustalW.fa,1,0.005434782608695652,1.1297428782833892,113
uL16a_aRNAPB_hammer_clustalW.fa,1,0.005434782608695652,1.1826470588235298,173
uL16a_aRNAPB_hammer_clustalW.fa,1,0.005434782608695652,1.2405086940436556,181
uL16a_aRNAPB_hammer_clustalW.fa,1,0.005434782608695652,1.3043636699963008,93
uL16a_aRNAPB_hammer_clustalW.fa,1,0.005434782608695652,1.5992212356640771,162
uL16a_aRNAPB_hammer_clustalW.fa,1,0.005434782608695652,2.5918220495745468,158
uL16a_aRNAPB_hammer_clustalW.fa,1,0.005434782608695652,3.4701054384017764,118
uL16a_aRNAPB_hammer_clustalW.fa,1,0.005434782608695652,3.7314076951535333,41
uL16a_aRNAPB_hammer_clustalW.fa,1,0.005434782608695652,5.549831668516463,29
uL16a_aRNAPB_hammer_clustalW.fa,1,0.005434782608695652,6.330889752127266,47
uL16a_aRNAPB_hammer_clustalW.fa,2,0.010869565217391304,2.7297040325564197,131
uL16a_aRNAPB_hammer_clustalW.fa,2,0.010869565217391304,4.653122456529783,65
uL16a_aRNAPB_hammer_clustalW.fa,2,0.010869565217391304,4.800736219015908,9
uL16a_aRNAPB_hammer_clustalW.fa,2,0.010869565217391304,5.016422493525713,178
uL16a_aRNAPB_hammer_clustalW.fa,2,0.010869565217391304,5.841801701812802,82
uL16a_aRNAPB_hammer_clustalW.fa,2,0.010869565217391304,6.1797225305216426,56
uL16a_aRNAPB_hammer_clustalW.fa,2,0.010869565217391304,7.95852386237514,19
uL16a_aRNAPB_hammer_clustalW.fa,2,0.010869565217391304,9.706988531261562,110
uL16a_aRNAPB_hammer_clustalW.fa,2,0.010869565217391304,9.757820939696632,37
uL16a_aRNAPB_hammer_clustalW.fa,3,0.016304347826086956,8.914570847206809,126
uL16a_aRNAPB_hammer_clustalW.fa,3,0.016304347826086956,11.830257121716611,26
uL16a_aRNAPB_hammer_clustalW.fa,4,0.021739130434782608,11.368398076211617,89
uL16a_aRNAPB_hammer_clustalW.fa,4,0.021739130434782608,12.210795412504625,170
uL16a_aRNAPB_hammer_clustalW.fa,6,0.03260869565217391,11.414417314095452,76
uL16a_aRNAPB_hammer_clustalW.fa,7,0.03804347826086957,16.667726600073994,152
uL16a_aRNAPB_trunc.fa,1,0.0022988505747126436,1.5992212356640771,367
uL16a_aRNAPB_trunc.fa,1,0.0022988505747126436,2.08013133555309,81
uL16a_aRNAPB_trunc.fa,1,0.0022988505747126436,2.457156862745099,245
uL16a_aRNAPB_trunc.fa,1,0.0022988505747126436,2.5918220495745468,363
uL16a_aRNAPB_trunc.fa,1,0.0022988505747126436,2.990490196078432,179
uL16a_aRNAPB_trunc.fa,1,0.0022988505747126436,3.730186829448761,411
uL16a_aRNAPB_trunc.fa,1,0.0022988505747126436,4.572584165741768,258
uL16a_aRNAPB_trunc.fa,1,0.0022988505747126436,4.687641509433961,249
uL16a_aRNAPB_trunc.fa,1,0.0022988505747126436,5.045392156862746,261
uL16a_aRNAPB_trunc.fa,1,0.0022988505747126436,6.743653348131706,95
uL16a_aRNAPB_trunc.fa,2,0.004597701149425287,2.504731779504255,24
uL16a_aRNAPB_trunc.fa,2,0.004597701149425287,3.7738401775804666,86
uL16a_aRNAPB_trunc.fa,2,0.004597701149425287,4.0958157602663725,116
uL16a_aRNAPB_trunc.fa,2,0.004597701149425287,5.1425786163522025,269
uL16a_aRNAPB_trunc.fa,2,0.004597701149425287,6.205175730669628,112
uL16a_aRNAPB_trunc.fa,2,0.004597701149425287,7.121453940066592,78
uL16a_aRNAPB_trunc.fa,2,0.004597701149425287,8.243207547169812,254
uL16a_aRNAPB_trunc.fa,2,0.004597701149425287,9.35489826119127,31
uL16a_aRNAPB_trunc.fa,2,0.004597701149425287,9.739692933777285,406
uL16a_aRNAPB_trunc.fa,2,0.004597701149425287,12.1898594154643,183
uL16a_aRNAPB_trunc.fa,3,0.006896551724137931,4.657412134665188,422
uL16a_aRNAPB_trunc.fa,3,0.006896551724137931,5.251529781724011,107
uL16a_aRNAPB_trunc.fa,3,0.006896551724137931,7.6154957454679995,160
uL16a_aRNAPB_trunc.fa,3,0.006896551724137931,7.64006104328524,416
uL16a_aRNAPB_trunc.fa,3,0.006896551724137931,10.138766185719572,152
uL16a_aRNAPB_trunc.fa,4,0.009195402298850575,8.461627820939698,193
uL16a_aRNAPB_trunc.fa,4,0.009195402298850575,12.210795412504625,375
uL16a_aRNAPB_trunc.fa,4,0.009195402298850575,12.390780614132446,172
uL16a_aRNAPB_trunc.fa,4,0.009195402298850575,17.69059563448021,126
uL16a_aRNAPB_trunc.fa,5,0.011494252873563218,11.719783573806883,9
uL16a_aRNAPB_trunc.fa,7,0.016091954022988506,16.667726600073994,357
uL16b-bRNAPb.fas,1,0.0007283321194464676,4.114350024073183,921
uL16b-bRNAPb.fas,1,0.0007283321194464676,4.3427082330284055,1017
uL16b-bRNAPb.fas,1,0.0007283321194464676,5.978432835820895,3
uL16b-bRNAPb.fas,1,0.0007283321194464676,6.371451612903227,930
uL16b-bRNAPb.fas,2,0.0014566642388929353,2.1737891189215217,996
uL16b-bRNAPb.fas,2,0.0014566642388929353,5.459321136254213,841
uL16b-bRNAPb.fas,2,0.0014566642388929353,6.303278767453057,137
uL16b-bRNAPb.fas,2,0.0014566642388929353,6.852508425613866,605
uL16b-bRNAPb.fas,2,0.0014566642388929353,7.361824747231585,810
uL16b-bRNAPb.fas,2,0.0014566642388929353,9.358213769860377,1203
uL16b-bRNAPb.fas,2,0.0014566642388929353,9.72653346172364,795
uL16b-bRNAPb.fas,2,0.0014566642388929353,13.31074145402022,187
uL16b-bRNAPb.fas,4,0.0029133284777858705,9.521675493500243,927
uL16b-bRNAPb.fas,4,0.0029133284777858705,15.842571015888302,861
uL16b-bRNAPb.fas,4,0.0029133284777858705,16.673577274915747,1133
uL16b-bRNAPb.fas,4,0.0029133284777858705,16.884939817043815,891
uL16b-bRNAPb.fas,4,0.0029133284777858705,17.36062590274434,1101
uL16b-bRNAPb.fas,4,0.0029133284777858705,17.625671641791044,600
uL16b-bRNAPb.fas,4,0.0029133284777858705,18.91912373615792,916
uL16b-bRNAPb.fas,5,0.003641660597232338,11.042140105922003,1219
uL16b-bRNAPb.fas,5,0.003641660597232338,13.729188733750604,1210
uL16b-bRNAPb.fas,5,0.003641660597232338,13.884701492537314,851
uL16b-bRNAPb.fas,6,0.004369992716678805,15.912388059701494,805
uL16b-bRNAPb.fas,8,0.005826656955571741,21.574212806933076,1346
uL18a-uS11a.fas.promals.fas,1,0.007751937984496124,1.0725827696689214,23
uL18a-uS11a.fas.promals.fas,1,0.007751937984496124,1.1782075471698117,78
uL18a-uS11a.fas.promals.fas,1,0.007751937984496124,3.2725471698113204,29
uL18a-uS11a.fas.promals.fas,2,0.015503875968992248,3.7092096831612675,70
uL18a-uS11a.fas.promals.fas,2,0.015503875968992248,5.161327874688502,61
uL18a-uS11a.fas.promals.fas,2,0.015503875968992248,5.937760768956924,97
uL18a-uS11a.fas.promals.fas,2,0.015503875968992248,8.005756496974012,74
uL18a-uS11a.fas.promals.fas,3,0.023255813953488372,8.995284798860805,109
uL18a-uS11a.fas.promals.fas,4,0.031007751937984496,14.094104663581346,125
uL18a-uS11a.fas.promals.fas,5,0.03875968992248062,13.626174795300821,118
uL18a-uS11a.fas.promals.fas,6,0.046511627906976744,14.325991456034176,40
uL18a-uS11a.fas.promals.fas,7,0.05426356589147287,18.304768600925595,55
uL18a-uS11a.fas.promals.fas,9,0.06976744186046512,19.99176397294411,90
uL18a-uS11b.fas.promals.fas,1,0.008064516129032258,6.4181399605744875,62
uL18a-uS11b.fas.promals.fas,2,0.016129032258064516,3.153458180794143,9
uL18a-uS11b.fas.promals.fas,2,0.016129032258064516,3.177310616727682,69
uL18a-uS11b.fas.promals.fas,2,0.016129032258064516,5.553824274852155,96
uL18a-uS11b.fas.promals.fas,2,0.016129032258064516,6.264891579836666,15
uL18a-uS11b.fas.promals.fas,3,0.024193548387096774,9.102068431427767,105
uL18a-uS11b.fas.promals.fas,4,0.03225806451612903,12.096102506336246,76
uL18a-uS11b.fas.promals.fas,4,0.03225806451612903,14.455719515629402,120
uL18a-uS11b.fas.promals.fas,6,0.04838709677419355,11.690478738383556,55
uL18a-uS11b.fas.promals.fas,6,0.04838709677419355,12.704277668262462,114
uL18a-uS11b.fas.promals.fas,8,0.06451612903225806,21.336952970994087,39
uL18a-uS11b.fas.promals.fas,9,0.07258064516129033,22.871567164179105,91
uL18b-uS11a.fas.promals.fas,1,0.007751937984496124,1.0559894969596464,62
uL18b-uS11a.fas.promals.fas,1,0.007751937984496124,2.0849004975124386,98
uL18b-uS11a.fas.promals.fas,1,0.007751937984496124,3.7930265339966835,118
uL18b-uS11a.fas.promals.fas,1,0.007751937984496124,6.953888888888889,110
uL18b-uS11a.fas.promals.fas,2,0.015503875968992248,2.5517799889441686,77
uL18b-uS11a.fas.promals.fas,2,0.015503875968992248,3.2568656716417914,69
uL18b-uS11a.fas.promals.fas,2,0.015503875968992248,6.937904919845219,115
uL18b-uS11a.fas.promals.fas,2,0.015503875968992248,7.7292260917634055,73
uL18b-uS11a.fas.promals.fas,5,0.03875968992248062,14.873922056384744,125
uL18b-uS11a.fas.promals.fas,5,0.03875968992248062,15.134867330016585,36
uL18b-uS11a.fas.promals.fas,11,0.08527131782945736,29.478128800442235,54
uL18b-uS11a.fas.promals.fas,11,0.08527131782945736,32.51074350469873,92
uL18b-uS11b.fas.promals.fas,1,0.008130081300813009,2.2455970149253734,9
uL18b-uS11b.fas.promals.fas,1,0.008130081300813009,4.399595678324794,29
uL18b-uS11b.fas.promals.fas,1,0.008130081300813009,5.990373134328359,99
uL18b-uS11b.fas.promals.fas,2,0.016260162601626018,3.232918244597906,68
uL18b-uS11b.fas.promals.fas,2,0.016260162601626018,3.2362597460458895,77
uL18b-uS11b.fas.promals.fas,2,0.016260162601626018,4.229799509913121,62
uL18b-uS11b.fas.promals.fas,2,0.016260162601626018,8.08656048117621,72
uL18b-uS11b.fas.promals.fas,3,0.024390243902439025,7.0370583648919585,19
uL18b-uS11b.fas.promals.fas,3,0.024390243902439025,7.784663622187571,35
uL18b-uS11b.fas.promals.fas,3,0.024390243902439025,9.869537758966363,42
uL18b-uS11b.fas.promals.fas,5,0.04065040650406504,20.574498774782803,109
uL18b-uS11b.fas.promals.fas,6,0.04878048780487805,18.228716863443974,119
uL18b-uS11b.fas.promals.fas,7,0.056910569105691054,20.386610603697928,54
uL18b-uS11b.fas.promals.fas,10,0.08130081300813008,28.930686121630657,91
uL22a-bL17.fas.promals.fas,1,0.009345794392523364,1.3894886677722496,79
uL22a-bL17.fas.promals.fas,1,0.009345794392523364,1.7808651188501936,50
uL22a-bL17.fas.promals.fas,1,0.009345794392523364,1.9331592039800998,17
uL22a-bL17.fas.promals.fas,1,0.009345794392523364,2.001428966279712,20
uL22a-bL17.fas.promals.fas,1,0.009345794392523364,2.157592592592593,47
uL22a-bL17.fas.promals.fas,1,0.009345794392523364,2.665746268656717,56
uL22a-bL17.fas.promals.fas,1,0.009345794392523364,2.8925290215588726,43
uL22a-bL17.fas.promals.fas,1,0.009345794392523364,4.130505804311775,39
uL22a-bL17.fas.promals.fas,2,0.018691588785046728,3.954765063571034,76
uL22a-bL17.fas.promals.fas,3,0.028037383177570093,7.816614151464899,93
uL22a-bL17.fas.promals.fas,4,0.037383177570093455,8.72185737976783,88
uL22a-bL17.fas.promals.fas,5,0.04672897196261682,13.354574350469875,31
uL22a-bL17.fas.promals.fas,7,0.06542056074766354,14.363236594803762,69
uL22a-bL17.fas.promals.fas,7,0.06542056074766354,19.83504422332781,104
