File name,Segment length,Normalized segment length,Total segment weight,Alignment position
C-struc_bS1-RNAP7Ca,1,0.0016051364365971107,2.9916606798874663,200-200
C-struc_bS1-RNAP7Ca,1,0.0016051364365971107,1.4310772367257678,302-302
C-struc_bS1-RNAP7Ca,1,0.0016051364365971107,3.7861939157238806,476-476
C-struc_bS1-RNAP7Ca,1,0.0016051364365971107,1.26111761794578,608-608
C-struc_bS1-RNAP7Ca,1,0.0016051364365971107,1.4787487821121503,633-633
C-struc_bS1-RNAP7Ca,1,0.0016051364365971107,1.0281411679377512,639-639
C-struc_bS1-RNAP7Ca,1,0.0016051364365971107,5.6788156127913725,734-734
C-struc_bS1-RNAP7Ca,1,0.0016051364365971107,1.200369386883231,1072-1072
C-struc_bS1-RNAP7Ca,2,0.0032102728731942215,3.5175012760672812,467-468
C-struc_bS1-RNAP7Ca,3,0.004815409309791332,4.7852550215635805,421-423
C-struc_bS1-RNAP7Ca,4,0.006420545746388443,5.791812691648811,510-513
C-struc_bS1-RNAP7Ca,5,0.008025682182985553,4.439495731695833,908-912
C-struc_bS1-RNAP7Ca,8,0.012841091492776886,21.589749944407522,557-564
C-struc_bS1-RNAP7Ca,9,0.014446227929373997,20.807267822691642,617-625
C-struc_bS1-RNAP7Ca,11,0.01765650080256822,21.35979621991775,524-534
C-struc_bS1-RNAP7Ca,12,0.019261637239165328,17.308986935957655,537-548
C-struc_bS1-RNAP7Ca,12,0.019261637239165328,19.234993574785236,592-603
IF2-EFTU_Ploop,1,0.0038910505836575876,4.62059936425479,290-290
IF2-EFTU_Ploop,2,0.007782101167315175,4.14624512856949,78-79
IF2-EFTU_Ploop,2,0.007782101167315175,7.857974002790448,269-270
IF2-EFTU_Ploop,3,0.011673151750972763,7.023545669417715,100-102
IF2-EFTU_Ploop,3,0.011673151750972763,7.218716854797154,182-184
IF2-EFTU_Ploop,8,0.0311284046692607,22.819872853459508,246-253
IF2-EFTU_Ploop,11,0.042801556420233464,24.90746873438326,193-203
IF2-EFTU_Ploop,12,0.04669260700389105,28.37369693186176,83-94
IF2-EFTU_Ploop,14,0.054474708171206226,29.93913973507271,209-222
IF2-EFTU_Ploop,15,0.058365758754863814,40.19539795958223,112-126
IF2-EFTU_Ploop,26,0.10116731517509728,91.56555364217962,33-58
IF2-EFTU_Ploop,45,0.17509727626459143,159.26689156742657,132-176
N-struc_bS01-RNAP7Ca,1,0.001455604075691412,3.0652745114894415,208-208
N-struc_bS01-RNAP7Ca,1,0.001455604075691412,1.4621369004271125,310-310
N-struc_bS01-RNAP7Ca,1,0.001455604075691412,1.1954869735838738,560-560
N-struc_bS01-RNAP7Ca,1,0.001455604075691412,1.3387679845225124,597-597
N-struc_bS01-RNAP7Ca,1,0.001455604075691412,1.2104709555356887,603-603
N-struc_bS01-RNAP7Ca,1,0.001455604075691412,2.252760056104244,642-642
N-struc_bS01-RNAP7Ca,1,0.001455604075691412,2.096269980883345,645-645
N-struc_bS01-RNAP7Ca,2,0.002911208151382824,3.170831222026494,543-544
N-struc_bS01-RNAP7Ca,8,0.011644832605531296,21.82590973290605,506-513
N-struc_bS01-RNAP7Ca,11,0.01601164483260553,26.90923370904002,566-576
N-struc_bS01-RNAP7Ca,20,0.02911208151382824,37.03735883681766,518-537
aIF5-bEFTU,1,0.0015267175572519084,7.454015613502183,7-7
aIF5-bEFTU,1,0.0015267175572519084,1.105844951778126,32-32
aIF5-bEFTU,1,0.0015267175572519084,1.011593123816834,66-66
aIF5-bEFTU,1,0.0015267175572519084,1.971222792591546,276-276
aIF5-bEFTU,1,0.0015267175572519084,1.8463774837850049,330-330
aIF5-bEFTU,1,0.0015267175572519084,2.8663414986234272,611-611
aIF5-bEFTU,1,0.0015267175572519084,1.5217621300079904,642-642
aIF5-bEFTU,2,0.0030534351145038168,3.135297430461039,86-87
aIF5-bEFTU,2,0.0030534351145038168,2.904707621359428,109-110
aIF5-bEFTU,2,0.0030534351145038168,6.815801237375722,242-243
aIF5-bEFTU,2,0.0030534351145038168,6.095222258752742,247-248
aIF5-bEFTU,2,0.0030534351145038168,7.821156468346887,345-346
aIF5-bEFTU,2,0.0030534351145038168,4.024807780699776,535-536
aIF5-bEFTU,4,0.0061068702290076335,10.753155535288014,518-521
aIF5-bEFTU,4,0.0061068702290076335,8.08229622657226,526-529
aIF5-bEFTU,5,0.007633587786259542,9.972473152800049,619-623
aIF5-bEFTU,6,0.00916030534351145,13.707148534983705,318-323
aIF5-bEFTU,6,0.00916030534351145,21.696481009062918,335-340
aIF5-bEFTU,6,0.00916030534351145,17.498056675263157,499-504
aIF5-bEFTU,6,0.00916030534351145,14.431353995655485,653-658
aIF5-bEFTU,6,0.00916030534351145,17.499370412680737,662-667
aIF5-bEFTU,7,0.010687022900763359,15.323151109419731,370-376
aIF5-bEFTU,7,0.010687022900763359,18.423815936307893,425-431
aIF5-bEFTU,7,0.010687022900763359,17.764970438259358,552-558
aIF5-bEFTU,7,0.010687022900763359,14.673750229805837,633-639
aIF5-bEFTU,7,0.010687022900763359,12.90477824303797,704-710
aIF5-bEFTU,8,0.012213740458015267,18.520875947429325,300-307
aIF5-bEFTU,9,0.013740458015267175,35.259182873466415,141-149
aIF5-bEFTU,9,0.013740458015267175,26.2145748469461,265-273
aIF5-bEFTU,9,0.013740458015267175,23.00900912260526,463-471
aIF5-bEFTU,10,0.015267175572519083,23.943531561115822,411-420
aIF5-bEFTU,11,0.016793893129770993,12.742197372261405,563-573
aIF5-bEFTU,12,0.0183206106870229,24.828576197392145,91-102
aIF5-bEFTU,13,0.01984732824427481,33.72271464120058,596-608
aIF5-bEFTU,14,0.021374045801526718,19.410216059435157,223-236
aIF5-bEFTU,25,0.03816793893129771,80.9147360849067,39-63
aIF5-bEFTU,47,0.0717557251908397,135.41507746531605,156-202
aL08-aL30,1,0.007751937984496124,1.7995526034028486,3-3
aL08-aL30,7,0.05426356589147287,10.64274404012085,140-146
aL08-aL30,9,0.06976744186046512,18.191350782048442,41-49
aL08-aL30,13,0.10077519379844961,32.36289718346033,124-136
aL08-aL30,25,0.1937984496124031,43.44054268484637,94-118
aL08-aL30,37,0.2868217054263566,85.87326966695085,54-90
aL08-eS12,1,0.006578947368421052,2.7462947135760913,29-29
aL08-eS12,1,0.006578947368421052,1.2756540656217814,53-53
aL08-eS12,2,0.013157894736842105,10.3140874802171,3-4
aL08-eS12,2,0.013157894736842105,6.5256973507967455,147-148
aL08-eS12,2,0.013157894736842105,3.055168805020096,152-153
aL08-eS12,8,0.05263157894736842,26.99128862926562,135-142
aL08-eS12,11,0.07236842105263158,13.438825909470696,157-167
aL08-eS12,13,0.08552631578947369,20.04858460587571,37-49
aL08-eS12,30,0.19736842105263158,65.99532112763075,93-122
aL08-eS12,32,0.21052631578947367,84.96806576510252,59-90
aL30-eS12,1,0.006896551724137931,4.909035518908409,131-131
aL30-eS12,2,0.013793103448275862,3.193150034854738,2-3
aL30-eS12,2,0.013793103448275862,5.565905401696395,149-150
aL30-eS12,3,0.020689655172413793,4.404217361649332,153-155
aL30-eS12,5,0.034482758620689655,6.880960392697316,89-93
aL30-eS12,9,0.06206896551724138,16.076600441515765,41-49
aL30-eS12,11,0.07586206896551724,26.237745398029325,135-145
aL30-eS12,21,0.14482758620689656,30.488606132338372,99-119
aL30-eS12,31,0.21379310344827587,59.66549390913247,52-82
aL37-bL34,3,0.045454545454545456,7.729699574123359,103-105
aL37-bL34,6,0.09090909090909091,12.193568636783638,68-73
aL37-bL34,6,0.09090909090909091,15.956149499077384,113-118
aL37-bL34,22,0.3333333333333333,43.86047755260701,77-98
aaTRNAS_Y-W,1,0.002145922746781116,1.3558657561183276,95-95
aaTRNAS_Y-W,1,0.002145922746781116,1.3507744473369865,114-114
aaTRNAS_Y-W,1,0.002145922746781116,1.0434825325058188,600-600
aaTRNAS_Y-W,1,0.002145922746781116,1.2476519296094135,644-644
aaTRNAS_Y-W,1,0.002145922746781116,2.4253510356779393,728-728
aaTRNAS_Y-W,2,0.004291845493562232,3.9405309231289984,255-256
aaTRNAS_Y-W,2,0.004291845493562232,3.6918059977777773,548-549
aaTRNAS_Y-W,3,0.006437768240343348,3.7536991541485807,709-711
aaTRNAS_Y-W,4,0.008583690987124463,5.825941102234527,208-211
aaTRNAS_Y-W,4,0.008583690987124463,16.884820384819985,336-339
aaTRNAS_Y-W,5,0.01072961373390558,10.260223871102083,557-561
aaTRNAS_Y-W,5,0.01072961373390558,27.519769127178662,592-596
aaTRNAS_Y-W,6,0.012875536480686695,14.311123842497526,345-350
aaTRNAS_Y-W,6,0.012875536480686695,14.768979281509157,606-611
aaTRNAS_Y-W,7,0.015021459227467811,5.989990168915825,764-770
aaTRNAS_Y-W,8,0.017167381974248927,15.750556898429718,140-147
aaTRNAS_Y-W,8,0.017167381974248927,11.303679438727542,653-660
aaTRNAS_Y-W,9,0.019313304721030045,11.968282566672189,261-269
aaTRNAS_Y-W,13,0.027896995708154508,20.983417544513774,182-194
aaTRNAS_Y-W,13,0.027896995708154508,13.1432287041199,615-627
aaTRNAS_Y-W,14,0.030042918454935622,7.7055037823860815,218-231
aaTRNAS_Y-W,15,0.032188841201716736,30.66144231657879,293-307
aaTRNAS_Y-W,18,0.03862660944206009,34.30120191955865,152-169
aeL14-eL27,1,0.007042253521126761,2.982337082848594,207-207
aeL14-eL27,1,0.007042253521126761,1.4010099170294783,241-241
aeL14-eL27,5,0.035211267605633804,15.073144683518027,74-78
aeL14-eL27,7,0.04929577464788732,20.803287960015957,50-56
aeL14-eL27,9,0.06338028169014084,7.774871183861682,120-128
aeL14-eL27,14,0.09859154929577464,35.925531912337455,87-100
aeL14-eL27,27,0.19014084507042253,81.33742204649991,14-40
bL27-uL16a,2,0.015037593984962405,6.3313294737612695,15-16
bL27-uL16a,2,0.015037593984962405,5.116427730092602,124-125
bL27-uL16a,4,0.03007518796992481,10.053041674039122,6-9
bL27-uL16a,4,0.03007518796992481,8.393295470582935,82-85
bL27-uL16a,5,0.03759398496240601,10.201332736089498,25-29
bL27-uL16a,5,0.03759398496240601,9.466873159232108,54-58
bL27-uL16a,6,0.045112781954887216,12.114681388235562,90-95
bL27-uL16a,7,0.05263157894736842,15.503403379285418,113-119
bL27-uL16a,14,0.10526315789473684,25.0546791304853,63-76
bL27-uL16b,1,0.007518796992481203,5.113008392606467,83-83
bL27-uL16b,2,0.015037593984962405,6.659943443364931,103-104
bL27-uL16b,4,0.03007518796992481,11.54561800689834,4-7
bL27-uL16b,4,0.03007518796992481,5.535776480255931,63-66
bL27-uL16b,5,0.03759398496240601,13.9903601837084,71-75
bL27-uL16b,7,0.05263157894736842,9.277064734242234,10-16
bL27-uL16b,7,0.05263157894736842,20.344616074554057,92-98
bL27-uL16b,13,0.09774436090225563,22.34428399888728,29-41
bL27CP-uL16a-43,2,0.014814814814814815,5.116427730092602,136-137
bL27CP-uL16a-43,3,0.022222222222222223,8.391513848619683,18-20
bL27CP-uL16a-43,4,0.02962962962962963,8.38183991421105,94-97
bL27CP-uL16a-43,5,0.037037037037037035,5.540067175179343,29-33
bL27CP-uL16a-43,5,0.037037037037037035,9.703279662017646,47-51
bL27CP-uL16a-43,5,0.037037037037037035,10.916598052791365,103-107
bL27CP-uL16a-43,6,0.044444444444444446,12.538602112408862,69-74
bL27CP-uL16a-43,7,0.05185185185185185,15.503403379285418,125-131
bL27CP-uL16a-43,9,0.06666666666666667,21.43843278795551,80-88
bL27CP-uL16b-31,1,0.007874015748031496,5.113008392606467,77-77
bL27CP-uL16b-31,1,0.007874015748031496,4.760647777148995,97-97
bL27CP-uL16b-31,3,0.023622047244094488,11.364457913923856,119-121
bL27CP-uL16b-31,4,0.031496062992125984,11.54561800689834,4-7
bL27CP-uL16b-31,4,0.031496062992125984,7.962237529262051,10-13
bL27CP-uL16b-31,4,0.031496062992125984,2.4983643977318577,16-19
bL27CP-uL16b-31,4,0.031496062992125984,5.535776480255931,57-60
bL27CP-uL16b-31,5,0.03937007874015748,13.9903601837084,65-69
bL27CP-uL16b-31,7,0.05511811023622047,20.344616074554057,86-92
bL27CP-uL16b-31,9,0.07086614173228346,19.02426700509978,32-40
seq-bS01-RNAP7Ca,1,0.0016339869281045752,1.090395492815571,666-666
seq-bS01-RNAP7Ca,2,0.0032679738562091504,3.4327613622078186,369-370
seq-bS01-RNAP7Ca,2,0.0032679738562091504,4.671910311799575,592-593
seq-bS01-RNAP7Ca,3,0.004901960784313725,6.599658228314487,472-474
seq-bS01-RNAP7Ca,3,0.004901960784313725,4.6205690960362285,540-542
seq-bS01-RNAP7Ca,4,0.006535947712418301,7.072552613410531,454-457
seq-bS01-RNAP7Ca,4,0.006535947712418301,10.150666823994829,519-522
seq-bS01-RNAP7Ca,5,0.008169934640522876,6.888223089862119,526-530
seq-bS01-RNAP7Ca,5,0.008169934640522876,7.185152676632636,656-660
seq-bS01-RNAP7Ca,6,0.00980392156862745,14.071070695396868,375-380
seq-bS01-RNAP7Ca,6,0.00980392156862745,11.94269749224452,504-509
seq-bS01-RNAP7Ca,8,0.013071895424836602,27.962632369194917,642-649
seq-bS01-RNAP7Ca,10,0.016339869281045753,9.735846573887628,440-449
seq-bS01-RNAP7Ca,11,0.017973856209150325,42.533015825760366,577-587
seq-bS01-RNAP7Ca,17,0.027777777777777776,37.712390095638376,609-625
seq-bS01-RNAP7Ca,20,0.032679738562091505,62.63676598811019,550-569
uL02b-bL34,2,0.006944444444444444,6.536137502036423,314-315
uL02b-bL34,4,0.013888888888888888,13.661958868824842,127-130
uL02b-bL34,27,0.09375,50.389079503582366,321-347
uL02c-aL37,1,0.0035460992907801418,1.3031578406407711,298-298
uL02c-aL37,3,0.010638297872340425,10.304037571701596,2-4
uL02c-aL37,7,0.024822695035460994,15.745200543472562,260-266
uL02c-aL37,10,0.03546099290780142,24.90386693939488,273-282
uL03a-aIF5,1,0.001597444089456869,6.017610267126135,20-20
uL03a-aIF5,1,0.001597444089456869,1.2521356290615213,89-89
uL03a-aIF5,1,0.001597444089456869,2.4800558660915812,133-133
uL03a-aIF5,1,0.001597444089456869,4.503573411157924,145-145
uL03a-aIF5,1,0.001597444089456869,1.7487838989188034,148-148
uL03a-aIF5,1,0.001597444089456869,1.3389521590180467,215-215
uL03a-aIF5,1,0.001597444089456869,3.026728015706487,250-250
uL03a-aIF5,1,0.001597444089456869,1.2418409399430919,255-255
uL03a-aIF5,1,0.001597444089456869,1.6175732444689186,315-315
uL03a-aIF5,1,0.001597444089456869,2.2779545469771967,406-406
uL03a-aIF5,1,0.001597444089456869,1.1454396060845922,463-463
uL03a-aIF5,2,0.003194888178913738,2.8819036004432785,204-205
uL03a-aIF5,2,0.003194888178913738,3.2606536736633904,210-211
uL03a-aIF5,2,0.003194888178913738,3.0614745891379362,238-239
uL03a-aIF5,2,0.003194888178913738,2.672707894704681,345-346
uL03a-aIF5,2,0.003194888178913738,2.6982904435237227,554-555
uL03a-aIF5,3,0.004792332268370607,7.509837094011333,54-56
uL03a-aIF5,3,0.004792332268370607,9.075909896581166,137-139
uL03a-aIF5,3,0.004792332268370607,7.648542189967072,421-423
uL03a-aIF5,3,0.004792332268370607,6.472948201476681,608-610
uL03a-aIF5,3,0.004792332268370607,7.364038933484028,616-618
uL03a-aIF5,4,0.006389776357827476,5.8968901394999875,165-168
uL03a-aIF5,4,0.006389776357827476,8.669882416244175,336-339
uL03a-aIF5,4,0.006389776357827476,14.530762586264848,434-437
uL03a-aIF5,4,0.006389776357827476,14.980765515562192,496-499
uL03a-aIF5,4,0.006389776357827476,7.506162724404108,522-525
uL03a-aIF5,5,0.007987220447284345,17.02997534439412,153-157
uL03a-aIF5,5,0.007987220447284345,7.9225253007832555,190-194
uL03a-aIF5,5,0.007987220447284345,9.176521125711073,300-304
uL03a-aIF5,5,0.007987220447284345,8.563962220830913,308-312
uL03a-aIF5,5,0.007987220447284345,6.166591447819699,665-669
uL03a-aIF5,6,0.009584664536741214,8.735497633490668,66-71
uL03a-aIF5,6,0.009584664536741214,16.514071498544418,368-373
uL03a-aIF5,6,0.009584664536741214,18.0053166243788,397-402
uL03a-aIF5,6,0.009584664536741214,17.21449450854334,545-550
uL03a-aIF5,7,0.011182108626198083,16.04368968482672,178-184
uL03a-aIF5,7,0.011182108626198083,13.165248310288394,356-362
uL03a-aIF5,7,0.011182108626198083,8.668461266580593,649-655
uL03a-aIF5,8,0.012779552715654952,15.688495114050589,74-81
uL03a-aIF5,9,0.01437699680511182,20.820460949829293,511-519
uL03a-aIF5,12,0.019169329073482427,22.735424937347652,320-331
uL03a-aIF5,13,0.020766773162939296,18.04249695097682,690-702
uL03a-aIF5,14,0.022364217252396165,26.099364186406802,632-645
uL03a-aRNAPA,1,0.004016064257028112,4.858673557983012,93-93
uL03a-aRNAPA,2,0.008032128514056224,5.716328304157812,181-182
uL03a-aRNAPA,3,0.012048192771084338,5.67160823408927,18-20
uL03a-aRNAPA,3,0.012048192771084338,8.409966201194683,79-81
uL03a-aRNAPA,3,0.012048192771084338,7.454012162855285,105-107
uL03a-aRNAPA,3,0.012048192771084338,8.796858774139356,113-115
uL03a-aRNAPA,3,0.012048192771084338,4.041089420631827,125-127
uL03a-aRNAPA,3,0.012048192771084338,7.739353586908793,185-187
uL03a-aRNAPA,4,0.01606425702811245,8.266854092908874,244-247
uL03a-aRNAPA,4,0.01606425702811245,9.158249192796127,260-263
uL03a-aRNAPA,9,0.03614457831325301,9.736188318193035,54-62
uL03a-aRNAPA,12,0.04819277108433735,17.535104469914444,222-233
uL03a-aRNAPA,24,0.0963855421686747,32.192917521075124,142-165
uL03a-aRNAPA,27,0.10843373493975904,47.18704214499993,23-49
uL03a-aRNAPA2,1,0.0022675736961451248,4.458104351672721,23-23
uL03a-aRNAPA2,1,0.0022675736961451248,2.284689956037549,36-36
uL03a-aRNAPA2,1,0.0022675736961451248,2.040962681924687,79-79
uL03a-aRNAPA2,1,0.0022675736961451248,4.030442096126717,86-86
uL03a-aRNAPA2,1,0.0022675736961451248,3.731391060449574,106-106
uL03a-aRNAPA2,1,0.0022675736961451248,1.120710943438744,114-114
uL03a-aRNAPA2,1,0.0022675736961451248,2.604073150302616,125-125
uL03a-aRNAPA2,1,0.0022675736961451248,1.0542217623831944,250-250
uL03a-aRNAPA2,1,0.0022675736961451248,1.321958378515844,307-307
uL03a-aRNAPA2,1,0.0022675736961451248,1.7052034388589261,340-340
uL03a-aRNAPA2,1,0.0022675736961451248,1.4735386592654889,347-347
uL03a-aRNAPA2,1,0.0022675736961451248,2.9810399294559047,361-361
uL03a-aRNAPA2,1,0.0022675736961451248,1.154376723646215,423-423
uL03a-aRNAPA2,1,0.0022675736961451248,1.3566138414982074,474-474
uL03a-aRNAPA2,1,0.0022675736961451248,1.7158056219557938,537-537
uL03a-aRNAPA2,2,0.0045351473922902496,8.192351054885517,120-121
uL03a-aRNAPA2,2,0.0045351473922902496,2.236889268315281,157-158
uL03a-aRNAPA2,2,0.0045351473922902496,4.356319395733167,263-264
uL03a-aRNAPA2,2,0.0045351473922902496,5.401010558010635,284-285
uL03a-aRNAPA2,2,0.0045351473922902496,9.265902007274258,405-406
uL03a-aRNAPA2,3,0.006802721088435374,2.6579626478395695,28-30
uL03a-aRNAPA2,3,0.006802721088435374,3.01572421805104,55-57
uL03a-aRNAPA2,3,0.006802721088435374,8.538017904301444,100-102
uL03a-aRNAPA2,3,0.006802721088435374,4.329901137770921,194-196
uL03a-aRNAPA2,3,0.006802721088435374,4.58421829341042,434-436
uL03a-aRNAPA2,3,0.006802721088435374,7.734050214213019,445-447
uL03a-aRNAPA2,4,0.009070294784580499,13.209360876344933,131-134
uL03a-aRNAPA2,4,0.009070294784580499,8.513484972415643,146-149
uL03a-aRNAPA2,4,0.009070294784580499,7.267614105861863,204-207
uL03a-aRNAPA2,4,0.009070294784580499,6.576050423504076,425-428
uL03a-aRNAPA2,4,0.009070294784580499,12.0513973337376,490-493
uL03a-aRNAPA2,5,0.011337868480725623,6.539421674139866,397-401
uL03a-aRNAPA2,5,0.011337868480725623,8.27037444540772,479-483
uL03a-aRNAPA2,5,0.011337868480725623,6.477523549579594,528-532
uL03a-aRNAPA2,6,0.013605442176870748,5.244248415234371,167-172
uL03a-aRNAPA2,6,0.013605442176870748,13.508269163268231,363-368
uL03a-aRNAPA2,11,0.024943310657596373,8.801965488692524,546-556
uL03a-aRNAPA2,12,0.027210884353741496,21.6850037948369,453-464
uL03a-aRNAPA2,13,0.02947845804988662,22.986960045248892,513-525
uL03a-aRNAPA2,20,0.045351473922902494,26.597457877080025,313-332
uL03a-aRNAPB-ClustalW,1,0.002004008016032064,1.7541027093725654,71-71
uL03a-aRNAPB-ClustalW,1,0.002004008016032064,2.3771509608852095,117-117
uL03a-aRNAPB-ClustalW,1,0.002004008016032064,2.560923637805716,201-201
uL03a-aRNAPB-ClustalW,1,0.002004008016032064,1.8222645052231827,267-267
uL03a-aRNAPB-ClustalW,1,0.002004008016032064,4.107341925712202,383-383
uL03a-aRNAPB-ClustalW,1,0.002004008016032064,4.664793718382494,457-457
uL03a-aRNAPB-ClustalW,1,0.002004008016032064,3.855948161412435,561-561
uL03a-aRNAPB-ClustalW,1,0.002004008016032064,1.0055101974077705,599-599
uL03a-aRNAPB-ClustalW,2,0.004008016032064128,4.311754476694747,12-13
uL03a-aRNAPB-ClustalW,2,0.004008016032064128,4.725671010304966,166-167
uL03a-aRNAPB-ClustalW,2,0.004008016032064128,5.787350585626593,258-259
uL03a-aRNAPB-ClustalW,2,0.004008016032064128,9.226997291056406,374-375
uL03a-aRNAPB-ClustalW,2,0.004008016032064128,8.824571915818636,417-418
uL03a-aRNAPB-ClustalW,3,0.006012024048096192,8.145517579940512,52-54
uL03a-aRNAPB-ClustalW,3,0.006012024048096192,6.485513233535698,159-161
uL03a-aRNAPB-ClustalW,3,0.006012024048096192,3.1341243115942095,548-550
uL03a-aRNAPB-ClustalW,3,0.006012024048096192,10.289683921045816,590-592
uL03a-aRNAPB-ClustalW,4,0.008016032064128256,12.147486153112963,4-7
uL03a-aRNAPB-ClustalW,4,0.008016032064128256,3.4853753552189635,232-235
uL03a-aRNAPB-ClustalW,4,0.008016032064128256,4.8489907942760215,330-333
uL03a-aRNAPB-ClustalW,5,0.01002004008016032,10.104437685959295,345-349
uL03a-aRNAPB-ClustalW,5,0.01002004008016032,13.908289220093977,441-445
uL03a-aRNAPB-ClustalW,6,0.012024048096192385,11.192548191519336,60-65
uL03a-aRNAPB-ClustalW,6,0.012024048096192385,4.280783896708481,244-249
uL03a-aRNAPB-ClustalW,6,0.012024048096192385,7.775548348492443,495-500
uL03a-aRNAPB-ClustalW,9,0.018036072144288578,7.196294330522314,39-47
uL03a-aRNAPB-ClustalW,9,0.018036072144288578,19.44826279659843,309-317
uL03a-aRNAPB-ClustalW,10,0.02004008016032064,14.648353293855665,273-282
uL03a-aRNAPB-ClustalW,12,0.02404809619238477,26.16257127746591,355-366
uL03a-aRNAPB-ClustalW,13,0.026052104208416832,31.086561629581382,122-134
uL03a-aRNAPB-ClustalW,20,0.04008016032064128,29.268703119909365,386-405
uL03a-aRNAPB-ClustalW,21,0.04208416833667335,38.08364765214002,564-584
uL03a-aRNPA-ClustalW,1,0.0010309278350515464,3.1331838550737605,406-406
uL03a-aRNPA-ClustalW,1,0.0010309278350515464,5.580922626544835,426-426
uL03a-aRNPA-ClustalW,1,0.0010309278350515464,3.301258068899896,434-434
uL03a-aRNPA-ClustalW,1,0.0010309278350515464,1.3639194718149865,518-518
uL03a-aRNPA-ClustalW,1,0.0010309278350515464,1.165274456823345,526-526
uL03a-aRNPA-ClustalW,1,0.0010309278350515464,1.1407182154639286,530-530
uL03a-aRNPA-ClustalW,1,0.0010309278350515464,2.1592261908674244,584-584
uL03a-aRNPA-ClustalW,1,0.0010309278350515464,1.3960377289617794,967-967
uL03a-aRNPA-ClustalW,1,0.0010309278350515464,2.0029252159922564,1122-1122
uL03a-aRNPA-ClustalW,2,0.002061855670103093,4.555194160709888,563-564
uL03a-aRNPA-ClustalW,2,0.002061855670103093,4.969688719046177,914-915
uL03a-aRNPA-ClustalW,3,0.003092783505154639,9.311153439605068,569-571
uL03a-aRNPA-ClustalW,3,0.003092783505154639,9.277235846443702,1068-1070
uL03a-aRNPA-ClustalW,4,0.004123711340206186,10.918635947306676,59-62
uL03a-aRNPA-ClustalW,4,0.004123711340206186,8.773948646425671,1112-1115
uL03a-aRNPA-ClustalW,5,0.005154639175257732,10.01653099635282,440-444
uL03a-aRNPA-ClustalW,6,0.006185567010309278,12.861165980414468,68-73
uL03a-aRNPA-ClustalW,6,0.006185567010309278,6.330878436339088,78-83
uL03a-aRNPA-ClustalW,7,0.007216494845360825,11.549793750830162,478-484
uL03a-aRNPA-ClustalW,7,0.007216494845360825,14.1836181232966,1015-1021
uL03a-aRNPA-ClustalW,7,0.007216494845360825,22.003781745376813,1101-1107
uL03a-aRNPA-ClustalW,7,0.007216494845360825,9.325174531762833,1155-1161
uL03a-aRNPA-ClustalW,8,0.008247422680412371,12.17685453947372,972-979
uL03a-aRNPA-ClustalW,9,0.009278350515463918,10.194150518045834,210-218
uL03a-aRNPA-ClustalW,9,0.009278350515463918,10.27242883580667,984-992
uL03a-aRNPA-ClustalW,10,0.010309278350515464,16.687432710570764,928-937
uL03a-aRNPA-ClustalW,10,0.010309278350515464,15.971446502205485,946-955
uL03a-aRNPA-ClustalW,10,0.010309278350515464,19.7477938639825,1135-1144
uL03a-aRNPA-ClustalW,13,0.013402061855670102,34.68496516398221,385-397
uL03a-aRNPA-ClustalW,13,0.013402061855670102,21.022347091383285,539-551
uL03a-aRNPA-ClustalW,14,0.01443298969072165,21.37604396696617,1027-1040
uL03a-aRNPA-full,1,0.001040582726326743,1.1934266621614469,560-560
uL03a-aRNPA-full,1,0.001040582726326743,1.0321975078509058,569-569
uL03a-aRNPA-full,1,0.001040582726326743,3.1665373138139383,597-597
uL03a-aRNPA-full,1,0.001040582726326743,3.2667543677017448,909-909
uL03a-aRNPA-full,1,0.001040582726326743,1.2925884599598456,1261-1261
uL03a-aRNPA-full,2,0.002081165452653486,3.8503285244250596,423-424
uL03a-aRNPA-full,2,0.002081165452653486,5.8769633524871825,707-708
uL03a-aRNPA-full,2,0.002081165452653486,3.0788065311220385,996-997
uL03a-aRNPA-full,4,0.004162330905306972,11.152702266658558,65-68
uL03a-aRNPA-full,4,0.004162330905306972,10.090142102786338,415-418
uL03a-aRNPA-full,4,0.004162330905306972,7.15260300533093,478-481
uL03a-aRNPA-full,4,0.004162330905306972,6.998072417244144,713-716
uL03a-aRNPA-full,4,0.004162330905306972,8.614939570081258,730-733
uL03a-aRNPA-full,4,0.004162330905306972,7.312951797693074,890-893
uL03a-aRNPA-full,5,0.005202913631633715,5.947381120086708,123-127
uL03a-aRNPA-full,5,0.005202913631633715,7.874270528107548,176-180
uL03a-aRNPA-full,5,0.005202913631633715,13.059831823032038,1053-1057
uL03a-aRNPA-full,5,0.005202913631633715,8.751210784728674,1123-1127
uL03a-aRNPA-full,5,0.005202913631633715,9.876896423634664,1144-1148
uL03a-aRNPA-full,6,0.006243496357960458,13.130039319799577,74-79
uL03a-aRNPA-full,6,0.006243496357960458,6.459711592852059,84-89
uL03a-aRNPA-full,6,0.006243496357960458,13.370922087988205,1101-1106
uL03a-aRNPA-full,7,0.007284079084287201,11.564075294604066,523-529
uL03a-aRNPA-full,7,0.007284079084287201,22.003781745376813,1134-1140
uL03a-aRNPA-full,8,0.008324661810613945,16.16546514093536,742-749
uL03a-aRNPA-full,9,0.009365244536940686,10.259127500074335,219-227
uL03a-aRNPA-full,9,0.009365244536940686,18.47163778538691,1163-1171
uL03a-aRNPA-full,11,0.011446409989594173,33.62079362571714,396-406
uL03a-aRNPA-full,11,0.011446409989594173,13.622381416624009,443-453
uL03a-aRNPA-full,11,0.011446409989594173,26.589417996910672,878-888
uL03a-aRNPA-full,12,0.012486992715920915,14.943324453179716,1182-1193
uL03a-aRNPA-full,13,0.013527575442247659,21.024569419570756,573-585
uL03a-aRNPA-full,15,0.015608740894901144,27.99625097262563,655-669
uL03a-aRNPA-full,15,0.015608740894901144,21.353926734499513,1062-1076
uL03b-aIF5,1,0.0016313213703099511,4.322169773029145,143-143
uL03b-aIF5,1,0.0016313213703099511,1.2381075372256187,343-343
uL03b-aIF5,1,0.0016313213703099511,1.4549395347229142,404-404
uL03b-aIF5,1,0.0016313213703099511,4.736412701887392,585-585
uL03b-aIF5,2,0.0032626427406199023,7.578787768653013,135-136
uL03b-aIF5,3,0.004893964110929853,8.746403572609614,235-237
uL03b-aIF5,3,0.004893964110929853,7.497030333576493,572-574
uL03b-aIF5,4,0.0065252854812398045,5.600072278803845,289-292
uL03b-aIF5,4,0.0065252854812398045,8.08678320444456,427-430
uL03b-aIF5,4,0.0065252854812398045,8.784151519209386,456-459
uL03b-aIF5,4,0.0065252854812398045,5.564672280800217,577-580
uL03b-aIF5,6,0.009787928221859706,14.108532013121819,610-615
uL03b-aIF5,7,0.011419249592169658,17.435195561234522,148-154
uL03b-aIF5,7,0.011419249592169658,17.274417084444714,160-166
uL03b-aIF5,7,0.011419249592169658,12.153826999413113,317-323
uL03b-aIF5,7,0.011419249592169658,16.747882922239807,349-355
uL03b-aIF5,8,0.013050570962479609,11.804589601398684,268-275
uL03b-aIF5,8,0.013050570962479609,15.337526519487934,558-565
uL03b-aIF5,8,0.013050570962479609,12.109148812829385,591-598
uL03b-aIF5,9,0.01468189233278956,14.361823916189078,383-391
uL03b-aIF5,11,0.01794453507340946,15.63597540688905,439-449
uL03b-aIF5,12,0.01957585644371941,31.02356558354619,86-97
uL03b-aIF5,13,0.021207177814029365,16.373584984714853,617-629
uL03b-aRNAPA2,1,0.002304147465437788,1.6640349145991145,30-30
uL03b-aRNAPA2,1,0.002304147465437788,3.0823843808352627,36-36
uL03b-aRNAPA2,1,0.002304147465437788,3.339360831315245,52-52
uL03b-aRNAPA2,1,0.002304147465437788,1.5640876650707498,215-215
uL03b-aRNAPA2,1,0.002304147465437788,4.144171917114665,265-265
uL03b-aRNAPA2,1,0.002304147465437788,5.113008392606467,433-433
uL03b-aRNAPA2,1,0.002304147465437788,2.49941098678804,442-442
uL03b-aRNAPA2,1,0.002304147465437788,1.657914160740553,459-459
uL03b-aRNAPA2,1,0.002304147465437788,2.440681440109495,471-471
uL03b-aRNAPA2,2,0.004608294930875576,3.990341060376567,244-245
uL03b-aRNAPA2,3,0.0069124423963133645,9.578233376409436,412-414
uL03b-aRNAPA2,3,0.0069124423963133645,8.408695435922624,438-440
uL03b-aRNAPA2,3,0.0069124423963133645,7.267525319232263,478-480
uL03b-aRNAPA2,4,0.009216589861751152,6.454002321329344,154-157
uL03b-aRNAPA2,4,0.009216589861751152,15.12771274377782,451-454
uL03b-aRNAPA2,4,0.009216589861751152,7.550442525443113,462-465
uL03b-aRNAPA2,6,0.013824884792626729,10.890260645510711,126-131
uL03b-aRNAPA2,6,0.013824884792626729,11.95230678287883,333-338
uL03b-aRNAPA2,6,0.013824884792626729,13.140985617810404,486-491
uL03b-aRNAPA2,7,0.016129032258064516,5.306549248581484,521-527
uL03b-aRNAPA2,9,0.020737327188940093,12.177453670998595,55-63
uL03b-aRNAPA2,9,0.020737327188940093,21.711959577198147,375-383
uL03b-aRNAPA2,10,0.02304147465437788,17.10907882995307,90-99
uL03b-aRNAPA2,12,0.027649769585253458,20.619569037858767,75-86
uL03b-aRNAPA2,13,0.029953917050691243,21.400634382446718,104-116
uL03b-aRNAPA2,13,0.029953917050691243,12.901266514079872,172-184
uL03b-aRNAPA2,13,0.029953917050691243,24.542429066933753,505-517
uL03b-aRNAPB-ClustalW,1,0.0019646365422396855,3.3537838322215396,284-284
uL03b-aRNAPB-ClustalW,1,0.0019646365422396855,3.1258374035525778,431-431
uL03b-aRNAPB-ClustalW,1,0.0019646365422396855,2.6641663431590117,593-593
uL03b-aRNAPB-ClustalW,2,0.003929273084479371,6.786703779042007,46-47
uL03b-aRNAPB-ClustalW,2,0.003929273084479371,11.527864381615515,362-363
uL03b-aRNAPB-ClustalW,2,0.003929273084479371,4.92269147842854,367-368
uL03b-aRNAPB-ClustalW,2,0.003929273084479371,7.9119517318316746,377-378
uL03b-aRNAPB-ClustalW,2,0.003929273084479371,3.3032820366430515,503-504
uL03b-aRNAPB-ClustalW,3,0.005893909626719057,6.264345689599413,200-202
uL03b-aRNAPB-ClustalW,4,0.007858546168958742,8.553537569974228,349-352
uL03b-aRNAPB-ClustalW,4,0.007858546168958742,8.046084043456045,411-414
uL03b-aRNAPB-ClustalW,4,0.007858546168958742,3.5880380920410193,600-603
uL03b-aRNAPB-ClustalW,5,0.009823182711198428,10.186526864698761,274-278
uL03b-aRNAPB-ClustalW,5,0.009823182711198428,13.900231122944726,445-449
uL03b-aRNAPB-ClustalW,6,0.011787819253438114,8.386831495187836,312-317
uL03b-aRNAPB-ClustalW,7,0.0137524557956778,9.033729572098492,162-168
uL03b-aRNAPB-ClustalW,10,0.019646365422396856,15.07485798929554,52-61
uL03b-aRNAPB-ClustalW,11,0.021611001964636542,16.155575294171136,395-405
uL03b-aRNAPB-ClustalW,12,0.023575638506876228,29.898365205178308,577-588
uL03b-aRNAPB-ClustalW,13,0.025540275049115914,23.254380365691386,123-135
uL11a-bS18,1,0.005747126436781609,1.1365724142092788,45-45
uL11a-bS18,1,0.005747126436781609,1.0997994227780243,95-95
uL11a-bS18,1,0.005747126436781609,5.060472973200864,172-172
uL11a-bS18,2,0.011494252873563218,4.527396857867188,210-211
uL11a-bS18,8,0.04597701149425287,9.979433276005476,161-168
uL11a-bS18,8,0.04597701149425287,16.996779138772098,176-183
uL11a-bS18,13,0.07471264367816093,21.24241467183967,192-204
uL11a-bS18,14,0.08045977011494253,18.381906322418963,142-155
uL11b-bS18,1,0.005813953488372093,1.7645004858790785,6-6
uL11b-bS18,1,0.005813953488372093,2.331317861591824,118-118
uL11b-bS18,2,0.011627906976744186,3.4130756151286086,54-55
uL11b-bS18,3,0.01744186046511628,5.07215246089847,111-113
uL11b-bS18,5,0.029069767441860465,11.997002085584409,132-136
uL11b-bS18,6,0.03488372093023256,11.549385848998487,45-50
uL11b-bS18,6,0.03488372093023256,21.662734828583794,191-196
uL11b-bS18,10,0.05813953488372093,10.25168539619238,82-91
uL11b-bS18,11,0.06395348837209303,27.283113042058847,98-108
uL14a-aS08,1,0.0049261083743842365,2.0118558854714403,157-157
uL14a-aS08,1,0.0049261083743842365,1.0495542336923784,235-235
uL14a-aS08,5,0.024630541871921183,13.021501831247841,203-207
uL14a-aS08,6,0.029556650246305417,16.435731870374752,188-193
uL14a-aS08,7,0.034482758620689655,14.772334915907129,211-217
uL14a-aS08,9,0.04433497536945813,22.28972274617676,142-150
uL14a-aS08,9,0.04433497536945813,14.087743078996597,223-231
uL14a-aS08,11,0.054187192118226604,12.686425233338273,125-135
uL30b-aL08,1,0.007692307692307693,1.5134009671531539,86-86
uL30b-aL08,2,0.015384615384615385,8.818545544728108,12-13
uL30b-aL08,4,0.03076923076923077,5.9654472260074485,90-93
uL30b-aL08,5,0.038461538461538464,10.84191022952539,78-82
uL30b-aL08,9,0.06923076923076923,12.100871547889685,64-72
uL30b-aL08,10,0.07692307692307693,11.572298369488484,49-58
uL30b-aL08,11,0.08461538461538462,21.497553506304623,145-155
uL30b-aL30,1,0.008849557522123894,1.4972923276006531,21-21
uL30b-aL30,1,0.008849557522123894,5.03355069616901,102-102
uL30b-aL30,5,0.04424778761061947,6.614868204772746,32-36
uL30b-aL30,5,0.04424778761061947,9.68649759973717,39-43
uL30b-aL30,5,0.04424778761061947,10.291450705601079,109-113
uL30b-aL30,9,0.07964601769911504,12.988168930059123,64-72
uL30b-aL30,11,0.09734513274336283,16.489604154976362,49-59
uL33_aperm_STRUC,1,0.009009009009009009,2.6775737617280084,85-85
uL33_aperm_STRUC,1,0.009009009009009009,2.951377333708793,129-129
uL33_aperm_STRUC,2,0.018018018018018018,4.432862664476324,111-112
uL33_aperm_STRUC,4,0.036036036036036036,6.586592845655723,103-106
uL33_aperm_STRUC,6,0.05405405405405406,14.666054705679826,66-71
uL33_aperm_STRUC,6,0.05405405405405406,13.341120602626633,121-126
uL33_aperm_STRUC,11,0.0990990990990991,26.99836160955209,139-149
uL33_bperm_PRMS,2,0.017241379310344827,2.84696066365148,131-132
uL33_bperm_PRMS,2,0.017241379310344827,4.558828251770697,216-217
uL33_bperm_PRMS,4,0.034482758620689655,6.078148583548297,71-74
uL33_bperm_PRMS,4,0.034482758620689655,10.923922883053356,79-82
uL33_bperm_PRMS,13,0.11206896551724138,29.404060186998578,93-105
uL33_bperm_PRMS,14,0.1206896551724138,23.856367561616388,170-183
uL33_bperm_STRUC,1,0.009009009009009009,2.951377333708793,14-14
uL33_bperm_STRUC,1,0.009009009009009009,2.6775737617280084,122-122
uL33_bperm_STRUC,2,0.018018018018018018,4.432862664476324,148-149
uL33_bperm_STRUC,4,0.036036036036036036,6.586592845655723,140-143
uL33_bperm_STRUC,6,0.05405405405405406,13.341120602626633,6-11
uL33_bperm_STRUC,6,0.05405405405405406,14.666054705679826,103-108
uL33_bperm_STRUC,11,0.0990990990990991,26.99836160955209,24-34
uL33_nonperm,1,0.00847457627118644,2.6333420514118075,89-89
uL33_nonperm,1,0.00847457627118644,1.4376994733208743,194-194
uL33_nonperm,2,0.01694915254237288,3.83050032200453,114-115
uL33_nonperm,3,0.025423728813559324,7.036730486084376,199-201
uL33_nonperm,3,0.025423728813559324,5.94720439046296,217-219
uL33_nonperm,4,0.03389830508474576,7.003594404782336,106-109
uL33_nonperm,5,0.0423728813559322,4.388931724019053,97-101
uL33_nonperm,5,0.0423728813559322,9.037549924927124,128-132
uL33_nonperm,12,0.1016949152542373,21.100830125291527,174-185
