Gamma,0.1,0.1,0.1,0.2,0.2,0.2,0.5,0.5,0.5,1.0,1.0,1.0
Distance,TPR,FPR,STD-tpr,TPR,FPR,STD-tpr,TPR,FPR,STD-tpr,TPR,FPR,STD-tpr
-20.0,1.0,1.0,0.0,1.0,1.0,0.0,1.0,1.0,0.0,1.0,1.0,0.0
-19.95,1.0,1.0,0.0,1.0,1.0,0.0,1.0,1.0,0.0,1.0,1.0,0.0
-19.9,1.0,1.0,0.0,1.0,1.0,0.0,1.0,1.0,0.0,1.0,1.0,0.0
-19.849999999999998,1.0,1.0,0.0,1.0,1.0,0.0,1.0,1.0,0.0,1.0,1.0,0.0
-19.799999999999997,1.0,1.0,0.0,1.0,1.0,0.0,1.0,1.0,0.0,1.0,1.0,0.0
-19.749999999999996,1.0,1.0,0.0,1.0,1.0,0.0,1.0,1.0,0.0,1.0,1.0,0.0
-19.699999999999996,1.0,1.0,0.0,1.0,1.0,0.0,1.0,1.0,0.0,1.0,1.0,0.0
-19.649999999999995,1.0,1.0,0.0,1.0,1.0,0.0,1.0,1.0,0.0,1.0,1.0,0.0
-19.599999999999994,1.0,1.0,0.0,1.0,1.0,0.0,1.0,1.0,0.0,1.0,1.0,0.0
-19.549999999999994,1.0,1.0,0.0,1.0,1.0,0.0,1.0,1.0,0.0,1.0,1.0,0.0
-19.499999999999993,1.0,1.0,0.0,1.0,1.0,0.0,1.0,1.0,0.0,1.0,1.0,0.0
-19.449999999999992,1.0,1.0,0.0,1.0,1.0,0.0,1.0,1.0,0.0,1.0,1.0,0.0
-19.39999999999999,1.0,1.0,0.0,1.0,1.0,0.0,1.0,1.0,0.0,1.0,1.0,0.0
-19.34999999999999,1.0,1.0,0.0,1.0,1.0,0.0,1.0,1.0,0.0,1.0,1.0,0.0
-19.29999999999999,1.0,1.0,0.0,1.0,1.0,0.0,1.0,1.0,0.0,1.0,1.0,0.0
-19.24999999999999,1.0,1.0,0.0,1.0,1.0,0.0,1.0,1.0,0.0,1.0,1.0,0.0
-19.19999999999999,1.0,1.0,0.0,1.0,1.0,0.0,1.0,1.0,0.0,1.0,1.0,0.0
-19.149999999999988,1.0,1.0,0.0,1.0,1.0,0.0,1.0,1.0,0.0,1.0,1.0,0.0
-19.099999999999987,1.0,1.0,0.0,1.0,1.0,0.0,1.0,1.0,0.0,1.0,1.0,0.0
-19.049999999999986,1.0,1.0,0.0,1.0,1.0,0.0,1.0,1.0,0.0,1.0,1.0,0.0
-18.999999999999986,1.0,1.0,0.0,1.0,1.0,0.0,1.0,1.0,0.0,1.0,1.0,0.0
-18.949999999999985,1.0,1.0,0.0,1.0,1.0,0.0,1.0,1.0,0.0,1.0,1.0,0.0
-18.899999999999984,1.0,1.0,0.0,1.0,1.0,0.0,1.0,1.0,0.0,1.0,1.0,0.0
-18.849999999999984,1.0,1.0,0.0,1.0,1.0,0.0,1.0,1.0,0.0,1.0,1.0,0.0
-18.799999999999983,1.0,1.0,0.0,1.0,1.0,0.0,1.0,1.0,0.0,1.0,1.0,0.0
-18.749999999999982,1.0,1.0,0.0,1.0,1.0,0.0,1.0,1.0,0.0,1.0,1.0,0.0
-18.69999999999998,1.0,1.0,0.0,1.0,1.0,0.0,1.0,1.0,0.0,1.0,1.0,0.0
-18.64999999999998,1.0,1.0,0.0,1.0,1.0,0.0,1.0,1.0,0.0,1.0,1.0,0.0
-18.59999999999998,1.0,1.0,0.0,1.0,1.0,0.0,1.0,1.0,0.0,1.0,1.0,0.0
-18.54999999999998,1.0,1.0,0.0,1.0,1.0,0.0,1.0,1.0,0.0,1.0,1.0,0.0
-18.49999999999998,1.0,1.0,0.0,1.0,1.0,0.0,1.0,1.0,0.0,1.0,1.0,0.0
-18.449999999999978,1.0,1.0,0.0,1.0,1.0,0.0,1.0,1.0,0.0,1.0,1.0,0.0
-18.399999999999977,1.0,1.0,0.0,1.0,1.0,0.0,1.0,1.0,0.0,1.0,1.0,0.0
-18.349999999999977,1.0,1.0,0.0,1.0,1.0,0.0,1.0,1.0,0.0,1.0,1.0,0.0
-18.299999999999976,1.0,1.0,0.0,1.0,1.0,0.0,1.0,1.0,0.0,1.0,1.0,0.0
-18.249999999999975,1.0,1.0,0.0,1.0,1.0,0.0,1.0,1.0,0.0,1.0,1.0,0.0
-18.199999999999974,1.0,1.0,0.0,1.0,1.0,0.0,1.0,1.0,0.0,1.0,1.0,0.0
-18.149999999999974,1.0,1.0,0.0,1.0,1.0,0.0,1.0,1.0,0.0,1.0,1.0,0.0
-18.099999999999973,1.0,1.0,0.0,1.0,1.0,0.0,1.0,1.0,0.0,1.0,1.0,0.0
-18.049999999999972,1.0,1.0,0.0,1.0,1.0,0.0,1.0,1.0,0.0,1.0,1.0,0.0
-17.99999999999997,1.0,1.0,0.0,1.0,1.0,0.0,1.0,1.0,0.0,1.0,1.0,0.0
-17.94999999999997,1.0,1.0,0.0,1.0,1.0,0.0,1.0,1.0,0.0,1.0,1.0,0.0
-17.89999999999997,1.0,1.0,0.0,1.0,1.0,0.0,1.0,1.0,0.0,1.0,1.0,0.0
-17.84999999999997,1.0,1.0,0.0,1.0,1.0,0.0,1.0,1.0,0.0,1.0,1.0,0.0
-17.79999999999997,1.0,1.0,0.0,1.0,1.0,0.0,1.0,1.0,0.0,1.0,1.0,0.0
-17.749999999999968,1.0,1.0,0.0,1.0,1.0,0.0,1.0,1.0,0.0,1.0,1.0,0.0
-17.699999999999967,1.0,1.0,0.0,1.0,1.0,0.0,1.0,1.0,0.0,1.0,1.0,0.0
-17.649999999999967,1.0,1.0,0.0,1.0,1.0,0.0,1.0,1.0,0.0,1.0,1.0,0.0
-17.599999999999966,1.0,1.0,0.0,1.0,1.0,0.0,1.0,1.0,0.0,1.0,1.0,0.0
-17.549999999999965,1.0,1.0,0.0,1.0,1.0,0.0,1.0,1.0,0.0,1.0,1.0,0.0
-17.499999999999964,1.0,1.0,0.0,1.0,1.0,0.0,1.0,1.0,0.0,1.0,1.0,0.0
-17.449999999999964,1.0,1.0,0.0,1.0,1.0,0.0,1.0,1.0,0.0,1.0,1.0,0.0
-17.399999999999963,1.0,1.0,0.0,1.0,1.0,0.0,1.0,1.0,0.0,1.0,1.0,0.0
-17.349999999999962,1.0,1.0,0.0,1.0,1.0,0.0,1.0,1.0,0.0,1.0,1.0,0.0
-17.29999999999996,1.0,1.0,0.0,1.0,1.0,0.0,1.0,1.0,0.0,1.0,1.0,0.0
-17.24999999999996,1.0,1.0,0.0,1.0,1.0,0.0,1.0,1.0,0.0,1.0,1.0,0.0
-17.19999999999996,1.0,1.0,0.0,1.0,1.0,0.0,1.0,1.0,0.0,1.0,1.0,0.0
-17.14999999999996,1.0,1.0,0.0,1.0,1.0,0.0,1.0,1.0,0.0,1.0,1.0,0.0
-17.09999999999996,1.0,1.0,0.0,1.0,1.0,0.0,1.0,1.0,0.0,1.0,1.0,0.0
-17.049999999999958,1.0,1.0,0.0,1.0,1.0,0.0,1.0,1.0,0.0,1.0,1.0,0.0
-16.999999999999957,1.0,1.0,0.0,1.0,1.0,0.0,1.0,1.0,0.0,1.0,1.0,0.0
-16.949999999999957,1.0,1.0,0.0,1.0,1.0,0.0,1.0,1.0,0.0,1.0,1.0,0.0
-16.899999999999956,1.0,1.0,0.0,1.0,1.0,0.0,1.0,1.0,0.0,1.0,1.0,0.0
-16.849999999999955,1.0,1.0,0.0,1.0,1.0,0.0,1.0,1.0,0.0,1.0,1.0,0.0
-16.799999999999955,1.0,1.0,0.0,1.0,1.0,0.0,1.0,1.0,0.0,1.0,1.0,0.0
-16.749999999999954,1.0,1.0,0.0,1.0,1.0,0.0,1.0,1.0,0.0,1.0,1.0,0.0
-16.699999999999953,1.0,1.0,0.0,1.0,1.0,0.0,1.0,1.0,0.0,1.0,1.0,0.0
-16.649999999999952,1.0,1.0,0.0,1.0,1.0,0.0,1.0,1.0,0.0,1.0,1.0,0.0
-16.59999999999995,1.0,1.0,0.0,1.0,1.0,0.0,1.0,1.0,0.0,1.0,1.0,0.0
-16.54999999999995,1.0,1.0,0.0,1.0,1.0,0.0,1.0,1.0,0.0,1.0,1.0,0.0
-16.49999999999995,1.0,1.0,0.0,1.0,1.0,0.0,1.0,1.0,0.0,1.0,1.0,0.0
-16.44999999999995,1.0,1.0,0.0,1.0,1.0,0.0,1.0,1.0,0.0,1.0,1.0,0.0
-16.39999999999995,1.0,1.0,0.0,1.0,1.0,0.0,1.0,1.0,0.0,1.0,1.0,0.0
-16.349999999999948,1.0,1.0,0.0,1.0,1.0,0.0,1.0,1.0,0.0,1.0,1.0,0.0
-16.299999999999947,1.0,1.0,0.0,1.0,1.0,0.0,1.0,1.0,0.0,1.0,1.0,0.0
-16.249999999999947,1.0,1.0,0.0,1.0,1.0,0.0,1.0,1.0,0.0,1.0,1.0,0.0
-16.199999999999946,1.0,1.0,0.0,1.0,1.0,0.0,1.0,1.0,0.0,1.0,1.0,0.0
-16.149999999999945,1.0,1.0,0.0,1.0,1.0,0.0,1.0,1.0,0.0,1.0,1.0,0.0
-16.099999999999945,1.0,1.0,0.0,1.0,1.0,0.0,1.0,1.0,0.0,1.0,1.0,0.0
-16.049999999999944,1.0,1.0,0.0,1.0,1.0,0.0,1.0,1.0,0.0,1.0,1.0,0.0
-15.999999999999943,1.0,1.0,0.0,1.0,1.0,0.0,1.0,1.0,0.0,1.0,1.0,0.0
-15.949999999999942,1.0,1.0,0.0,1.0,1.0,0.0,1.0,1.0,0.0,1.0,1.0,0.0
-15.899999999999942,1.0,1.0,0.0,1.0,1.0,0.0,1.0,1.0,0.0,1.0,1.0,0.0
-15.849999999999941,1.0,1.0,0.0,1.0,1.0,0.0,1.0,1.0,0.0,1.0,1.0,0.0
-15.79999999999994,1.0,1.0,0.0,1.0,1.0,0.0,1.0,1.0,0.0,1.0,1.0,0.0
-15.74999999999994,1.0,1.0,0.0,1.0,1.0,0.0,1.0,1.0,0.0,1.0,1.0,0.0
-15.699999999999939,1.0,1.0,0.0,1.0,1.0,0.0,1.0,1.0,0.0,1.0,1.0,0.0
-15.649999999999938,1.0,1.0,0.0,1.0,1.0,0.0,1.0,1.0,0.0,1.0,1.0,0.0
-15.599999999999937,1.0,1.0,0.0,1.0,1.0,0.0,1.0,1.0,0.0,1.0,1.0,0.0
-15.549999999999937,1.0,1.0,0.0,1.0,1.0,0.0,1.0,1.0,0.0,1.0,1.0,0.0
-15.499999999999936,1.0,1.0,0.0,1.0,1.0,0.0,1.0,1.0,0.0,1.0,1.0,0.0
-15.449999999999935,1.0,1.0,0.0,1.0,1.0,0.0,1.0,1.0,0.0,1.0,1.0,0.0
-15.399999999999935,1.0,1.0,0.0,1.0,1.0,0.0,1.0,1.0,0.0,1.0,1.0,0.0
-15.349999999999934,1.0,1.0,0.0,1.0,1.0,0.0,1.0,1.0,0.0,1.0,1.0,0.0
-15.299999999999933,1.0,1.0,0.0,1.0,1.0,0.0,1.0,1.0,0.0,1.0,1.0,0.0
-15.249999999999932,1.0,1.0,0.0,1.0,1.0,0.0,1.0,1.0,0.0,1.0,1.0,0.0
-15.199999999999932,1.0,1.0,0.0,1.0,1.0,0.0,1.0,1.0,0.0,1.0,1.0,0.0
-15.149999999999931,1.0,1.0,0.0,1.0,1.0,0.0,1.0,1.0,0.0,1.0,1.0,0.0
-15.09999999999993,1.0,1.0,0.0,1.0,1.0,0.0,1.0,1.0,0.0,1.0,1.0,0.0
-15.04999999999993,1.0,1.0,0.0,1.0,1.0,0.0,1.0,1.0,0.0,1.0,1.0,0.0
-14.999999999999929,1.0,1.0,0.0,1.0,1.0,0.0,1.0,1.0,0.0,1.0,1.0,0.0
-14.949999999999928,1.0,1.0,0.0,1.0,1.0,0.0,1.0,1.0,0.0,1.0,1.0,0.0
-14.899999999999928,1.0,1.0,0.0,1.0,1.0,0.0,1.0,1.0,0.0,1.0,1.0,0.0
-14.849999999999927,1.0,1.0,0.0,1.0,1.0,0.0,1.0,1.0,0.0,1.0,1.0,0.0
-14.799999999999926,1.0,1.0,0.0,1.0,1.0,0.0,1.0,1.0,0.0,1.0,1.0,0.0
-14.749999999999925,1.0,1.0,0.0,1.0,1.0,0.0,1.0,1.0,0.0,1.0,1.0,0.0
-14.699999999999925,1.0,1.0,0.0,1.0,1.0,0.0,1.0,1.0,0.0,1.0,1.0,0.0
-14.649999999999924,1.0,1.0,0.0,1.0,1.0,0.0,1.0,1.0,0.0,1.0,1.0,0.0
-14.599999999999923,1.0,1.0,0.0,1.0,1.0,0.0,1.0,1.0,0.0,1.0,1.0,0.0
-14.549999999999923,1.0,1.0,0.0,1.0,1.0,0.0,1.0,1.0,0.0,1.0,1.0,0.0
-14.499999999999922,1.0,1.0,0.0,1.0,1.0,0.0,1.0,1.0,0.0,1.0,1.0,0.0
-14.449999999999921,1.0,1.0,0.0,1.0,1.0,0.0,1.0,1.0,0.0,1.0,1.0,0.0
-14.39999999999992,1.0,1.0,0.0,1.0,1.0,0.0,1.0,1.0,0.0,1.0,1.0,0.0
-14.34999999999992,1.0,1.0,0.0,1.0,1.0,0.0,1.0,1.0,0.0,1.0,1.0,0.0
-14.299999999999919,1.0,1.0,0.0,1.0,1.0,0.0,1.0,1.0,0.0,1.0,1.0,0.0
-14.249999999999918,1.0,1.0,0.0,1.0,1.0,0.0,1.0,1.0,0.0,1.0,1.0,0.0
-14.199999999999918,1.0,1.0,0.0,1.0,1.0,0.0,1.0,1.0,0.0,1.0,1.0,0.0
-14.149999999999917,1.0,1.0,0.0,1.0,1.0,0.0,1.0,1.0,0.0,1.0,1.0,0.0
-14.099999999999916,1.0,1.0,0.0,1.0,1.0,0.0,1.0,1.0,0.0,1.0,1.0,0.0
-14.049999999999915,1.0,1.0,0.0,1.0,1.0,0.0,1.0,1.0,0.0,1.0,1.0,0.0
-13.999999999999915,1.0,1.0,0.0,1.0,1.0,0.0,1.0,1.0,0.0,1.0,1.0,0.0
-13.949999999999914,1.0,1.0,0.0,1.0,1.0,0.0,1.0,1.0,0.0,1.0,1.0,0.0
-13.899999999999913,1.0,1.0,0.0,1.0,1.0,0.0,1.0,1.0,0.0,1.0,1.0,0.0
-13.849999999999913,1.0,1.0,0.0,1.0,1.0,0.0,1.0,1.0,0.0,1.0,1.0,0.0
-13.799999999999912,1.0,1.0,0.0,1.0,1.0,0.0,1.0,1.0,0.0,1.0,1.0,0.0
-13.749999999999911,1.0,1.0,0.0,1.0,1.0,0.0,1.0,1.0,0.0,1.0,1.0,0.0
-13.69999999999991,1.0,1.0,0.0,1.0,1.0,0.0,1.0,1.0,0.0,1.0,1.0,0.0
-13.64999999999991,1.0,1.0,0.0,1.0,1.0,0.0,1.0,1.0,0.0,1.0,1.0,0.0
-13.599999999999909,1.0,1.0,0.0,1.0,1.0,0.0,1.0,1.0,0.0,1.0,1.0,0.0
-13.549999999999908,1.0,1.0,0.0,1.0,1.0,0.0,1.0,1.0,0.0,1.0,1.0,0.0
-13.499999999999908,1.0,1.0,0.0,1.0,1.0,0.0,1.0,1.0,0.0,1.0,1.0,0.0
-13.449999999999907,1.0,1.0,0.0,1.0,1.0,0.0,1.0,1.0,0.0,1.0,1.0,0.0
-13.399999999999906,1.0,1.0,0.0,1.0,1.0,0.0,1.0,1.0,0.0,1.0,1.0,0.0
-13.349999999999905,1.0,1.0,0.0,1.0,1.0,0.0,1.0,1.0,0.0,1.0,1.0,0.0
-13.299999999999905,1.0,1.0,0.0,1.0,1.0,0.0,1.0,1.0,0.0,1.0,1.0,0.0
-13.249999999999904,1.0,1.0,0.0,1.0,1.0,0.0,1.0,1.0,0.0,1.0,1.0,0.0
-13.199999999999903,1.0,1.0,0.0,1.0,1.0,0.0,1.0,1.0,0.0,1.0,1.0,0.0
-13.149999999999903,1.0,1.0,0.0,1.0,1.0,0.0,1.0,1.0,0.0,1.0,1.0,0.0
-13.099999999999902,1.0,1.0,0.0,1.0,1.0,0.0,1.0,1.0,0.0,1.0,1.0,0.0
-13.049999999999901,1.0,1.0,0.0,1.0,1.0,0.0,1.0,1.0,0.0,1.0,1.0,0.0
-12.9999999999999,1.0,1.0,0.0,1.0,1.0,0.0,1.0,1.0,0.0,1.0,1.0,0.0
-12.9499999999999,1.0,1.0,0.0,1.0,1.0,0.0,1.0,1.0,0.0,1.0,1.0,0.0
-12.899999999999899,1.0,1.0,0.0,1.0,1.0,0.0,1.0,1.0,0.0,1.0,1.0,0.0
-12.849999999999898,1.0,1.0,0.0,1.0,1.0,0.0,1.0,1.0,0.0,1.0,1.0,0.0
-12.799999999999898,1.0,1.0,0.0,1.0,1.0,0.0,1.0,1.0,0.0,1.0,1.0,0.0
-12.749999999999897,1.0,1.0,0.0,1.0,1.0,0.0,1.0,1.0,0.0,1.0,1.0,0.0
-12.699999999999896,1.0,1.0,0.0,1.0,1.0,0.0,1.0,1.0,0.0,1.0,1.0,0.0
-12.649999999999896,1.0,1.0,0.0,1.0,1.0,0.0,1.0,1.0,0.0,1.0,1.0,0.0
-12.599999999999895,1.0,1.0,0.0,1.0,1.0,0.0,1.0,1.0,0.0,1.0,1.0,0.0
-12.549999999999894,1.0,1.0,0.0,1.0,1.0,0.0,1.0,1.0,0.0,1.0,1.0,0.0
-12.499999999999893,1.0,1.0,0.0,1.0,1.0,0.0,1.0,1.0,0.0,1.0,1.0,0.0
-12.449999999999893,1.0,1.0,0.0,1.0,1.0,0.0,1.0,1.0,0.0,1.0,1.0,0.0
-12.399999999999892,1.0,1.0,0.0,1.0,1.0,0.0,1.0,1.0,0.0,1.0,1.0,0.0
-12.349999999999891,1.0,1.0,0.0,1.0,1.0,0.0,1.0,1.0,0.0,1.0,1.0,0.0
-12.29999999999989,1.0,1.0,0.0,1.0,1.0,0.0,1.0,1.0,0.0,1.0,1.0,0.0
-12.24999999999989,1.0,1.0,0.0,1.0,1.0,0.0,1.0,1.0,0.0,1.0,1.0,0.0
-12.19999999999989,1.0,1.0,0.0,1.0,1.0,0.0,1.0,1.0,0.0,1.0,1.0,0.0
-12.149999999999888,1.0,1.0,0.0,1.0,1.0,0.0,1.0,1.0,0.0,1.0,1.0,0.0
-12.099999999999888,1.0,1.0,0.0,1.0,1.0,0.0,1.0,1.0,0.0,1.0,1.0,0.0
-12.049999999999887,1.0,1.0,0.0,1.0,1.0,0.0,1.0,1.0,0.0,1.0,1.0,0.0
-11.999999999999886,1.0,1.0,0.0,1.0,1.0,0.0,1.0,1.0,0.0,1.0,1.0,0.0
-11.949999999999886,1.0,1.0,0.0,1.0,1.0,0.0,1.0,1.0,0.0,1.0,1.0,0.0
-11.899999999999885,1.0,1.0,0.0,1.0,1.0,0.0,1.0,1.0,0.0,1.0,1.0,0.0
-11.849999999999884,1.0,1.0,0.0,1.0,1.0,0.0,1.0,1.0,0.0,1.0,1.0,0.0
-11.799999999999883,1.0,1.0,0.0,1.0,1.0,0.0,1.0,1.0,0.0,1.0,1.0,0.0
-11.749999999999883,1.0,1.0,0.0,1.0,1.0,0.0,1.0,1.0,0.0,1.0,1.0,0.0
-11.699999999999882,1.0,1.0,0.0,1.0,1.0,0.0,1.0,1.0,0.0,1.0,1.0,0.0
-11.649999999999881,1.0,1.0,0.0,1.0,1.0,0.0,1.0,1.0,0.0,1.0,1.0,0.0
-11.59999999999988,1.0,1.0,0.0,1.0,1.0,0.0,1.0,1.0,0.0,1.0,1.0,0.0
-11.54999999999988,1.0,1.0,0.0,1.0,1.0,0.0,1.0,1.0,0.0,1.0,1.0,0.0
-11.49999999999988,1.0,1.0,0.0,1.0,1.0,0.0,1.0,1.0,0.0,1.0,1.0,0.0
-11.449999999999878,1.0,1.0,0.0,1.0,1.0,0.0,1.0,1.0,0.0,1.0,1.0,0.0
-11.399999999999878,1.0,1.0,0.0,1.0,1.0,0.0,1.0,1.0,0.0,1.0,1.0,0.0
-11.349999999999877,1.0,1.0,0.0,1.0,1.0,0.0,1.0,1.0,0.0,1.0,1.0,0.0
-11.299999999999876,1.0,1.0,0.0,1.0,1.0,0.0,1.0,1.0,0.0,1.0,1.0,0.0
-11.249999999999876,1.0,1.0,0.0,1.0,1.0,0.0,1.0,1.0,0.0,1.0,1.0,0.0
-11.199999999999875,1.0,1.0,0.0,1.0,1.0,0.0,1.0,1.0,0.0,1.0,1.0,0.0
-11.149999999999874,1.0,1.0,0.0,1.0,1.0,0.0,1.0,1.0,0.0,1.0,1.0,0.0
-11.099999999999874,1.0,1.0,0.0,1.0,1.0,0.0,1.0,1.0,0.0,1.0,1.0,0.0
-11.049999999999873,1.0,1.0,0.0,1.0,1.0,0.0,1.0,1.0,0.0,1.0,1.0,0.0
-10.999999999999872,1.0,1.0,0.0,1.0,1.0,0.0,1.0,1.0,0.0,1.0,1.0,0.0
-10.949999999999871,1.0,1.0,0.0,1.0,1.0,0.0,1.0,1.0,0.0,1.0,1.0,0.0
-10.89999999999987,1.0,1.0,0.0,1.0,1.0,0.0,1.0,1.0,0.0,1.0,1.0,0.0
-10.84999999999987,1.0,1.0,0.0,1.0,1.0,0.0,1.0,1.0,0.0,1.0,1.0,0.0
-10.79999999999987,1.0,1.0,0.0,1.0,1.0,0.0,1.0,1.0,0.0,1.0,1.0,0.0
-10.749999999999869,1.0,1.0,0.0,1.0,1.0,0.0,1.0,1.0,0.0,1.0,1.0,0.0
-10.699999999999868,1.0,1.0,0.0,1.0,1.0,0.0,1.0,1.0,0.0,1.0,1.0,0.0
-10.649999999999867,1.0,1.0,0.0,1.0,1.0,0.0,1.0,1.0,0.0,1.0,1.0,0.0
-10.599999999999866,1.0,1.0,0.0,1.0,1.0,0.0,1.0,1.0,0.0,1.0,1.0,0.0
-10.549999999999866,1.0,1.0,0.0,1.0,1.0,0.0,1.0,1.0,0.0,1.0,1.0,0.0
-10.499999999999865,1.0,1.0,0.0,1.0,1.0,0.0,1.0,1.0,0.0,1.0,1.0,0.0
-10.449999999999864,1.0,1.0,0.0,1.0,1.0,0.0,1.0,1.0,0.0,1.0,1.0,0.0
-10.399999999999864,1.0,1.0,0.0,1.0,1.0,0.0,1.0,1.0,0.0,1.0,1.0,0.0
-10.349999999999863,1.0,1.0,0.0,1.0,1.0,0.0,1.0,1.0,0.0,1.0,1.0,0.0
-10.299999999999862,1.0,1.0,0.0,1.0,1.0,0.0,1.0,1.0,0.0,1.0,1.0,0.0
-10.249999999999861,1.0,1.0,0.0,1.0,1.0,0.0,1.0,1.0,0.0,1.0,1.0,0.0
-10.19999999999986,1.0,1.0,0.0,1.0,1.0,0.0,1.0,1.0,0.0,1.0,1.0,0.0
-10.14999999999986,1.0,1.0,0.0,1.0,1.0,0.0,1.0,1.0,0.0,1.0,1.0,0.0
-10.09999999999986,1.0,1.0,0.0,1.0,1.0,0.0,1.0,1.0,0.0,1.0,1.0,0.0
-10.049999999999859,1.0,1.0,0.0,1.0,1.0,0.0,1.0,1.0,0.0,1.0,1.0,0.0
-9.999999999999858,1.0,1.0,0.0,1.0,1.0,0.0,1.0,1.0,0.0,1.0,1.0,0.0
-9.949999999999857,1.0,1.0,0.0,1.0,1.0,0.0,1.0,1.0,0.0,1.0,1.0,0.0
-9.899999999999856,1.0,1.0,0.0,1.0,1.0,0.0,1.0,1.0,0.0,1.0,1.0,0.0
-9.849999999999856,1.0,1.0,0.0,1.0,1.0,0.0,1.0,1.0,0.0,1.0,1.0,0.0
-9.799999999999855,1.0,1.0,0.0,1.0,1.0,0.0,1.0,1.0,0.0,1.0,1.0,0.0
-9.749999999999854,1.0,1.0,0.0,1.0,1.0,0.0,1.0,1.0,0.0,1.0,1.0,0.0
-9.699999999999854,1.0,1.0,0.0,1.0,1.0,0.0,1.0,1.0,0.0,1.0,1.0,0.0
-9.649999999999853,1.0,1.0,0.0,1.0,1.0,0.0,1.0,1.0,0.0,1.0,1.0,0.0
-9.599999999999852,1.0,1.0,0.0,1.0,1.0,0.0,1.0,1.0,0.0,1.0,1.0,0.0
-9.549999999999851,1.0,1.0,0.0,1.0,1.0,0.0,1.0,1.0,0.0,1.0,1.0,0.0
-9.49999999999985,1.0,1.0,0.0,1.0,1.0,0.0,1.0,1.0,0.0,1.0,1.0,0.0
-9.44999999999985,1.0,1.0,0.0,1.0,1.0,0.0,1.0,1.0,0.0,1.0,1.0,0.0
-9.39999999999985,1.0,1.0,0.0,1.0,1.0,0.0,1.0,1.0,0.0,1.0,1.0,0.0
-9.349999999999849,1.0,1.0,0.0,1.0,1.0,0.0,1.0,1.0,0.0,1.0,1.0,0.0
-9.299999999999848,1.0,1.0,0.0,1.0,1.0,0.0,1.0,1.0,0.0,1.0,1.0,0.0
-9.249999999999847,1.0,1.0,0.0,1.0,1.0,0.0,1.0,1.0,0.0,1.0,1.0,0.0
-9.199999999999847,1.0,1.0,0.0,1.0,1.0,0.0,1.0,1.0,0.0,1.0,1.0,0.0
-9.149999999999846,1.0,1.0,0.0,1.0,1.0,0.0,1.0,1.0,0.0,1.0,1.0,0.0
-9.099999999999845,1.0,1.0,0.0,1.0,1.0,0.0,1.0,1.0,0.0,1.0,1.0,0.0
-9.049999999999844,1.0,1.0,0.0,1.0,1.0,0.0,1.0,1.0,0.0,1.0,1.0,0.0
-8.999999999999844,1.0,1.0,0.0,1.0,1.0,0.0,1.0,1.0,0.0,1.0,1.0,0.0
-8.949999999999843,1.0,1.0,0.0,1.0,1.0,0.0,1.0,1.0,0.0,1.0,1.0,0.0
-8.899999999999842,1.0,1.0,0.0,1.0,1.0,0.0,1.0,1.0,0.0,1.0,1.0,0.0
-8.849999999999842,1.0,1.0,0.0,1.0,1.0,0.0,1.0,1.0,0.0,1.0,1.0,0.0
-8.79999999999984,1.0,1.0,0.0,1.0,1.0,0.0,1.0,1.0,0.0,1.0,1.0,0.0
-8.74999999999984,1.0,1.0,0.0,1.0,1.0,0.0,1.0,1.0,0.0,1.0,1.0,0.0
-8.69999999999984,1.0,1.0,0.0,1.0,1.0,0.0,1.0,1.0,0.0,1.0,1.0,0.0
-8.649999999999839,1.0,1.0,0.0,1.0,1.0,0.0,1.0,1.0,0.0,1.0,1.0,0.0
-8.599999999999838,1.0,1.0,0.0,1.0,1.0,0.0,1.0,1.0,0.0,1.0,1.0,0.0
-8.549999999999837,1.0,1.0,0.0,1.0,1.0,0.0,1.0,1.0,0.0,1.0,1.0,0.0
-8.499999999999837,1.0,1.0,0.0,1.0,1.0,0.0,1.0,1.0,0.0,1.0,1.0,0.0
-8.449999999999836,1.0,1.0,0.0,1.0,1.0,0.0,1.0,1.0,0.0,1.0,1.0,0.0
-8.399999999999835,1.0,1.0,0.0,1.0,1.0,0.0,1.0,1.0,0.0,1.0,1.0,0.0
-8.349999999999834,1.0,1.0,0.0,1.0,1.0,0.0,1.0,1.0,0.0,1.0,1.0,0.0
-8.299999999999834,1.0,1.0,0.0,1.0,1.0,0.0,1.0,1.0,0.0,1.0,1.0,0.0
-8.249999999999833,1.0,1.0,0.0,1.0,1.0,0.0,1.0,1.0,0.0,1.0,1.0,0.0
-8.199999999999832,1.0,1.0,0.0,1.0,1.0,0.0,1.0,1.0,0.0,1.0,1.0,0.0
-8.149999999999832,1.0,1.0,0.0,1.0,1.0,0.0,1.0,1.0,0.0,1.0,1.0,0.0
-8.099999999999831,1.0,1.0,0.0,1.0,1.0,0.0,1.0,1.0,0.0,1.0,1.0,0.0
-8.04999999999983,1.0,1.0,0.0,1.0,1.0,0.0,1.0,1.0,0.0,1.0,1.0,0.0
-7.9999999999998295,1.0,1.0,0.0,1.0,1.0,0.0,1.0,1.0,0.0,1.0,1.0,0.0
-7.949999999999829,1.0,1.0,0.0,1.0,1.0,0.0,1.0,1.0,0.0,1.0,1.0,0.0
-7.899999999999828,1.0,1.0,0.0,1.0,1.0,0.0,1.0,1.0,0.0,1.0,1.0,0.0
-7.849999999999827,1.0,1.0,0.0,1.0,1.0,0.0,1.0,1.0,0.0,1.0,1.0,0.0
-7.799999999999827,1.0,1.0,0.0,1.0,1.0,0.0,1.0,1.0,0.0,1.0,1.0,0.0
-7.749999999999826,1.0,1.0,0.0,1.0,1.0,0.0,1.0,1.0,0.0,1.0,1.0,0.0
-7.699999999999825,1.0,1.0,0.0,1.0,1.0,0.0,1.0,1.0,0.0,1.0,1.0,0.0
-7.6499999999998245,1.0,1.0,0.0,1.0,1.0,0.0,1.0,1.0,0.0,1.0,1.0,0.0
-7.599999999999824,1.0,1.0,0.0,1.0,1.0,0.0,1.0,1.0,0.0,1.0,1.0,0.0
-7.549999999999823,1.0,1.0,0.0,1.0,1.0,0.0,1.0,1.0,0.0,1.0,1.0,0.0
-7.499999999999822,1.0,1.0,0.0,1.0,1.0,0.0,1.0,1.0,0.0,1.0,1.0,0.0
-7.449999999999822,1.0,1.0,0.0,1.0,1.0,0.0,1.0,1.0,0.0,1.0,1.0,0.0
-7.399999999999821,1.0,1.0,0.0,1.0,1.0,0.0,1.0,1.0,0.0,1.0,1.0,0.0
-7.34999999999982,1.0,1.0,0.0,1.0,1.0,0.0,1.0,1.0,0.0,1.0,1.0,0.0
-7.2999999999998195,1.0,1.0,0.0,1.0,1.0,0.0,1.0,1.0,0.0,1.0,1.0,0.0
-7.249999999999819,1.0,1.0,0.0,1.0,1.0,0.0,1.0,1.0,0.0,1.0,1.0,0.0
-7.199999999999818,1.0,1.0,0.0,1.0,1.0,0.0,1.0,1.0,0.0,1.0,1.0,0.0
-7.149999999999817,1.0,1.0,0.0,1.0,1.0,0.0,1.0,1.0,0.0,1.0,1.0,0.0
-7.099999999999817,1.0,1.0,0.0,1.0,1.0,0.0,1.0,1.0,0.0,1.0,1.0,0.0
-7.049999999999816,1.0,1.0,0.0,1.0,1.0,0.0,1.0,1.0,0.0,1.0,1.0,0.0
-6.999999999999815,1.0,1.0,0.0,1.0,1.0,0.0,1.0,1.0,0.0,1.0,1.0,0.0
-6.9499999999998145,1.0,1.0,0.0,1.0,1.0,0.0,1.0,1.0,0.0,1.0,1.0,0.0
-6.899999999999814,1.0,1.0,0.0,1.0,1.0,0.0,1.0,1.0,0.0,1.0,1.0,0.0
-6.849999999999813,1.0,1.0,0.0,1.0,1.0,0.0,1.0,1.0,0.0,1.0,1.0,0.0
-6.799999999999812,1.0,1.0,0.0,1.0,1.0,0.0,1.0,1.0,0.0,1.0,1.0,0.0
-6.749999999999812,1.0,1.0,0.0,1.0,1.0,0.0,1.0,1.0,0.0,1.0,1.0,0.0
-6.699999999999811,1.0,1.0,0.0,1.0,1.0,0.0,1.0,1.0,0.0,1.0,1.0,0.0
-6.64999999999981,1.0,1.0,0.0,1.0,1.0,0.0,1.0,1.0,0.0,1.0,1.0,0.0
-6.59999999999981,1.0,1.0,0.0,1.0,1.0,0.0,1.0,1.0,0.0,1.0,1.0,0.0
-6.549999999999809,1.0,1.0,0.0,1.0,1.0,0.0,1.0,1.0,0.0,1.0,1.0,0.0
-6.499999999999808,1.0,1.0,0.0,1.0,1.0,0.0,1.0,1.0,0.0,1.0,1.0,0.0
-6.449999999999807,1.0,1.0,0.0,1.0,1.0,0.0,1.0,1.0,0.0,1.0,1.0,0.0
-6.399999999999807,1.0,1.0,0.0,1.0,1.0,0.0,1.0,1.0,0.0,1.0,1.0,0.0
-6.349999999999806,1.0,1.0,0.0,1.0,1.0,0.0,1.0,1.0,0.0,1.0,1.0,0.0
-6.299999999999805,1.0,1.0,0.0,1.0,1.0,0.0,1.0,1.0,0.0,1.0,1.0,0.0
-6.249999999999805,1.0,1.0,0.0,1.0,1.0,0.0,1.0,1.0,0.0,1.0,1.0,0.0
-6.199999999999804,1.0,1.0,0.0,1.0,1.0,0.0,1.0,1.0,0.0,1.0,1.0,0.0
-6.149999999999803,1.0,1.0,0.0,1.0,1.0,0.0,1.0,1.0,0.0,1.0,1.0,0.0
-6.0999999999998025,1.0,1.0,0.0,1.0,1.0,0.0,1.0,1.0,0.0,1.0,1.0,0.0
-6.049999999999802,1.0,1.0,0.0,1.0,1.0,0.0,1.0,1.0,0.0,1.0,1.0,0.0
-5.999999999999801,1.0,1.0,0.0,1.0,1.0,0.0,1.0,1.0,0.0,1.0,1.0,0.0
-5.9499999999998,1.0,1.0,0.0,1.0,1.0,0.0,1.0,1.0,0.0,1.0,1.0,0.0
-5.8999999999998,1.0,1.0,0.0,1.0,1.0,0.0,1.0,1.0,0.0,1.0,1.0,0.0
-5.849999999999799,1.0,1.0,0.0,1.0,1.0,0.0,1.0,1.0,0.0,1.0,1.0,0.0
-5.799999999999798,1.0,1.0,0.0,1.0,1.0,0.0,1.0,1.0,0.0,1.0,1.0,0.0
-5.7499999999997975,1.0,1.0,0.0,1.0,1.0,0.0,1.0,1.0,0.0,1.0,1.0,0.0
-5.699999999999797,1.0,1.0,0.0,1.0,1.0,0.0,1.0,1.0,0.0,1.0,1.0,0.0
-5.649999999999796,1.0,1.0,0.0,1.0,1.0,0.0,1.0,1.0,0.0,1.0,1.0,0.0
-5.599999999999795,1.0,1.0,0.0,1.0,1.0,0.0,1.0,1.0,0.0,1.0,1.0,0.0
-5.549999999999795,1.0,1.0,0.0,1.0,1.0,0.0,1.0,1.0,0.0,1.0,1.0,0.0
-5.499999999999794,1.0,1.0,0.0,1.0,1.0,0.0,1.0,1.0,0.0,1.0,1.0,0.0
-5.449999999999793,1.0,1.0,0.0,1.0,1.0,0.0,1.0,1.0,0.0,1.0,1.0,0.0
-5.3999999999997925,1.0,1.0,0.0,1.0,1.0,0.0,1.0,1.0,0.0,1.0,1.0,0.0
-5.349999999999792,1.0,1.0,0.0,1.0,1.0,0.0,1.0,1.0,0.0,1.0,1.0,0.0
-5.299999999999791,1.0,1.0,0.0,1.0,1.0,0.0,1.0,1.0,0.0,1.0,1.0,0.0
-5.24999999999979,1.0,1.0,0.0,1.0,1.0,0.0,1.0,1.0,0.0,1.0,1.0,0.0
-5.19999999999979,1.0,1.0,0.0,1.0,1.0,0.0,1.0,1.0,0.0,1.0,1.0,0.0
-5.149999999999789,1.0,1.0,0.0,1.0,1.0,0.0,1.0,1.0,0.0,1.0,1.0,0.0
-5.099999999999788,1.0,1.0,0.0,1.0,1.0,0.0,1.0,1.0,0.0,1.0,1.0,0.0
-5.0499999999997875,1.0,1.0,0.0,1.0,1.0,0.0,1.0,1.0,0.0,1.0,1.0,0.0
-4.999999999999787,1.0,1.0,0.0,1.0,1.0,0.0,1.0,1.0,0.0,1.0,1.0,0.0
-4.949999999999786,1.0,1.0,0.0,1.0,1.0,0.0,1.0,1.0,0.0,1.0,1.0,0.0
-4.899999999999785,1.0,1.0,0.0,1.0,1.0,0.0,1.0,1.0,0.0,1.0,1.0,0.0
-4.849999999999785,1.0,1.0,0.0,1.0,1.0,0.0,1.0,1.0,0.0,1.0,1.0,0.0
-4.799999999999784,1.0,1.0,0.0,1.0,1.0,0.0,1.0,1.0,0.0,1.0,1.0,0.0
-4.749999999999783,1.0,1.0,0.0,1.0,1.0,0.0,1.0,1.0,0.0,1.0,1.0,0.0
-4.699999999999783,1.0,1.0,0.0,1.0,1.0,0.0,1.0,1.0,0.0,1.0,1.0,0.0
-4.649999999999782,1.0,1.0,0.0,1.0,1.0,0.0,1.0,1.0,0.0,1.0,1.0,0.0
-4.599999999999781,1.0,1.0,0.0,1.0,1.0,0.0,1.0,1.0,0.0,1.0,1.0,0.0
-4.54999999999978,1.0,1.0,0.0,1.0,1.0,0.0,1.0,1.0,0.0,1.0,1.0,0.0
-4.49999999999978,1.0,1.0,0.0,1.0,1.0,0.0,1.0,1.0,0.0,1.0,1.0,0.0
-4.449999999999779,1.0,1.0,0.0,1.0,1.0,0.0,1.0,1.0,0.0,1.0,1.0,0.0
-4.399999999999778,1.0,1.0,0.0,1.0,1.0,0.0,1.0,1.0,0.0,1.0,1.0,0.0
-4.349999999999778,1.0,1.0,0.0,1.0,1.0,0.0,1.0,1.0,0.0,1.0,1.0,0.0
-4.299999999999777,1.0,1.0,0.0,1.0,1.0,0.0,1.0,1.0,0.0,1.0,1.0,0.0
-4.249999999999776,1.0,1.0,0.0,1.0,1.0,0.0,1.0,1.0,0.0,1.0,1.0,0.0
-4.1999999999997755,1.0,1.0,0.0,1.0,1.0,0.0,1.0,1.0,0.0,1.0,1.0,0.0
-4.149999999999775,1.0,1.0,0.0,1.0,1.0,0.0,1.0,1.0,0.0,1.0,1.0,0.0
-4.099999999999774,1.0,1.0,0.0,1.0,1.0,0.0,1.0,1.0,0.0,1.0,1.0,0.0
-4.049999999999773,1.0,1.0,0.0,1.0,1.0,0.0,1.0,1.0,0.0,1.0,1.0,0.0
-3.9999999999997726,1.0,1.0,0.0,1.0,1.0,0.0,1.0,1.0,0.0,1.0,1.0,0.0
-3.949999999999772,1.0,1.0,0.0,1.0,1.0,0.0,1.0,1.0,0.0,1.0,1.0,0.0
-3.899999999999771,1.0,1.0,0.0,1.0,1.0,0.0,1.0,1.0,0.0,1.0,1.0,0.0
-3.8499999999997705,1.0,1.0,0.0,1.0,1.0,0.0,1.0,1.0,0.0,1.0,1.0,0.0
-3.79999999999977,1.0,1.0,0.0,1.0,1.0,0.0,1.0,1.0,0.0,1.0,1.0,0.0
-3.749999999999769,1.0,1.0,0.0,1.0,1.0,0.0,1.0,1.0,0.0,1.0,1.0,0.0
-3.6999999999997684,1.0,1.0,0.0,1.0,1.0,0.0,1.0,1.0,0.0,1.0,1.0,0.0
-3.6499999999997677,1.0,1.0,0.0,1.0,1.0,0.0,1.0,1.0,0.0,1.0,1.0,0.0
-3.599999999999767,1.0,1.0,0.0,1.0,1.0,0.0,1.0,1.0,0.0,1.0,1.0,0.0
-3.5499999999997662,1.0,1.0,0.0,1.0,1.0,0.0,1.0,1.0,0.0,1.0,1.0,0.0
-3.4999999999997655,1.0,1.0,0.0,1.0,1.0,0.0,1.0,1.0,0.0,1.0,1.0,0.0
-3.449999999999765,1.0,1.0,0.0,1.0,1.0,0.0,1.0,1.0,0.0,1.0,1.0,0.0
-3.399999999999764,1.0,1.0,0.0,1.0,1.0,0.0,1.0,1.0,0.0,1.0,1.0,0.0
-3.3499999999997634,1.0,1.0,0.0,1.0,1.0,0.0,1.0,1.0,0.0,1.0,1.0,0.0
-3.2999999999997627,1.0,1.0,0.0,1.0,1.0,0.0,1.0,1.0,0.0,1.0,1.0,0.0
-3.249999999999762,1.0,1.0,0.0,1.0,1.0,0.0,1.0,1.0,0.0,1.0,1.0,0.0
-3.1999999999997613,1.0,1.0,0.0,1.0,1.0,0.0,1.0,1.0,0.0,1.0,1.0,0.0
-3.1499999999997605,1.0,1.0,0.0,1.0,1.0,0.0,1.0,1.0,0.0,1.0,1.0,0.0
-3.09999999999976,1.0,1.0,0.0,1.0,1.0,0.0,1.0,1.0,0.0,1.0,1.0,0.0
-3.049999999999759,1.0,1.0,0.0,1.0,1.0,0.0,1.0,1.0,0.0,1.0,1.0,0.0
-2.9999999999997584,1.0,1.0,0.0,1.0,1.0,0.0,1.0,1.0,0.0,1.0,1.0,0.0
-2.9499999999997577,1.0,1.0,0.0,1.0,1.0,0.0,1.0,1.0,0.0,1.0,1.0,0.0
-2.899999999999757,1.0,1.0,0.0,1.0,1.0,0.0,1.0,1.0,0.0,1.0,1.0,0.0
-2.8499999999997563,1.0,1.0,0.0,1.0,1.0,0.0,1.0,1.0,0.0,1.0,1.0,0.0
-2.7999999999997556,1.0,1.0,0.0,1.0,1.0,0.0,1.0,1.0,0.0,1.0,1.0,0.0
-2.749999999999755,1.0,1.0,0.0,1.0,1.0,0.0,1.0,1.0,0.0,1.0,1.0,0.0
-2.699999999999754,1.0,1.0,0.0,1.0,1.0,0.0,1.0,1.0,0.0,1.0,1.0,0.0
-2.6499999999997534,1.0,1.0,0.0,1.0,1.0,0.0,1.0,1.0,0.0,1.0,1.0,0.0
-2.5999999999997527,1.0,1.0,0.0,1.0,1.0,0.0,1.0,1.0,0.0,1.0,1.0,0.0
-2.549999999999752,1.0,1.0,0.0,1.0,1.0,0.0,1.0,1.0,0.0,1.0,1.0,0.0
-2.4999999999997513,1.0,1.0,0.0,1.0,1.0,0.0,1.0,1.0,0.0,1.0,1.0,0.0
-2.4499999999997506,1.0,1.0,0.0,1.0,1.0,0.0,1.0,1.0,0.0,1.0,1.0,0.0
-2.39999999999975,1.0,1.0,0.0,1.0,1.0,0.0,1.0,1.0,0.0,1.0,1.0,0.0
-2.349999999999749,1.0,1.0,0.0,1.0,1.0,0.0,1.0,1.0,0.0,1.0,1.0,0.0
-2.2999999999997485,1.0,1.0,0.0,1.0,1.0,0.0,1.0,1.0,0.0,1.0,1.0,0.0
-2.2499999999997478,1.0,1.0,0.0,1.0,1.0,0.0,1.0,1.0,0.0,1.0,1.0,0.0
-2.199999999999747,1.0,1.0,0.0,1.0,1.0,0.0,1.0,1.0,0.0,1.0,1.0,0.0
-2.1499999999997463,1.0,1.0,0.0,1.0,1.0,0.0,1.0,1.0,0.0,1.0,1.0,0.0
-2.0999999999997456,1.0,1.0,0.0,1.0,1.0,0.0,1.0,1.0,0.0,1.0,1.0,0.0
-2.049999999999745,1.0,1.0,0.0,1.0,1.0,0.0,1.0,1.0,0.0,1.0,1.0,0.0
-1.9999999999997442,1.0,1.0,0.0,1.0,1.0,0.0,1.0,1.0,0.0,1.0,1.0,0.0
-1.9499999999997435,1.0,1.0,0.0,1.0,1.0,0.0,1.0,1.0,0.0,1.0,1.0,0.0
-1.8999999999997428,1.0,1.0,0.0,1.0,1.0,0.0,1.0,1.0,0.0,1.0,1.0,0.0
-1.849999999999742,1.0,1.0,0.0,1.0,1.0,0.0,1.0,1.0,0.0,1.0,1.0,0.0
-1.7999999999997414,1.0,1.0,0.0,1.0,1.0,0.0,1.0,1.0,0.0,1.0,1.0,0.0
-1.7499999999997407,1.0,1.0,0.0,1.0,1.0,0.0,1.0,1.0,0.0,1.0,1.0,0.0
-1.69999999999974,1.0,1.0,0.0,1.0,1.0,0.0,1.0,1.0,0.0,1.0,1.0,0.0
-1.6499999999997392,1.0,1.0,0.0,1.0,1.0,0.0,1.0,1.0,0.0,1.0,1.0,0.0
-1.5999999999997385,1.0,1.0,0.0,1.0,1.0,0.0,1.0,1.0,0.0,1.0,1.0,0.0
-1.5499999999997378,0.9912280701754387,1.0,0.012405382126079766,1.0,1.0,0.0,1.0,1.0,0.0,1.0,1.0,0.0
-1.499999999999737,0.9912280701754387,0.9976359338061466,0.012405382126079766,1.0,1.0,0.0,1.0,1.0,0.0,1.0,1.0,0.0
-1.4499999999997364,0.9912280701754387,0.9905437352245863,0.012405382126079766,0.9824561403508771,0.9976359338061466,0.024810764252159587,1.0,1.0,0.0,1.0,1.0,0.0
-1.3999999999997357,0.9736842105263158,0.983451536643026,0.021486752129677024,0.9473684210526315,0.9952718676122932,0.021486752129677024,1.0,1.0,0.0,1.0,1.0,0.0
-1.349999999999735,0.956140350877193,0.9787234042553191,0.01240538212607982,0.9473684210526315,0.9929078014184397,0.021486752129677024,0.9824561403508771,1.0,0.024810764252159587,1.0,1.0,0.0
-1.2999999999997343,0.956140350877193,0.9621749408983451,0.01240538212607982,0.9473684210526315,0.9810874704491725,0.021486752129677024,0.9824561403508771,1.0,0.024810764252159587,1.0,1.0,0.0
-1.2499999999997335,0.9473684210526315,0.9290780141843972,0.021486752129677024,0.9210526315789473,0.9574468085106383,0.02148675212967698,0.9824561403508771,0.9976359338061466,0.024810764252159587,1.0,1.0,0.0
-1.1999999999997328,0.9210526315789473,0.8936170212765958,0.042973504259354,0.8859649122807017,0.8959810874704491,0.04472824134730512,0.9736842105263158,0.9905437352245863,0.021486752129677024,1.0,1.0,0.0
-1.1499999999997321,0.912280701754386,0.8274231678486998,0.054073807043587545,0.8684210526315789,0.8416075650118203,0.042973504259354,0.9385964912280702,0.9763593380614658,0.03282155602433282,0.9912280701754387,1.0,0.012405382126079766
-1.0999999999997314,0.8947368421052632,0.7470449172576833,0.0568486026176128,0.8596491228070176,0.75177304964539,0.054073807043587496,0.8859649122807017,0.9456264775413712,0.049621528504319126,0.956140350877193,0.983451536643026,0.032821556024332836
-1.0499999999997307,0.8771929824561404,0.6713947990543735,0.04472824134730513,0.8421052631578947,0.6713947990543735,0.07747158654673551,0.8596491228070176,0.8297872340425533,0.049621528504319126,0.912280701754386,0.91725768321513,0.04472824134730513
-0.99999999999973,0.8684210526315789,0.5815602836879433,0.037216146378239355,0.8333333333333334,0.574468085106383,0.07545899357054936,0.8157894736842105,0.5650118203309692,0.06446025638903102,0.850877192982456,0.7044917257683215,0.049621528504319126
-0.9499999999997293,0.8508771929824562,0.48936170212765956,0.032821556024332836,0.8070175438596491,0.48226950354609927,0.08945648269461025,0.7894736842105262,0.4066193853427896,0.042973504259354,0.7894736842105262,0.33569739952718675,0.042973504259354
-0.8999999999997286,0.8157894736842106,0.408983451536643,0.0568486026176128,0.7982456140350876,0.39716312056737585,0.08134753066224301,0.763157894736842,0.3167848699763593,0.021486752129677024,0.7719298245614036,0.2576832151300236,0.04472824134730513
-0.8499999999997279,0.7807017543859649,0.3640661938534279,0.06564311204866566,0.7719298245614036,0.3475177304964539,0.06202691063039889,0.7280701754385964,0.24822695035460993,0.024810764252159587,0.7631578947368421,0.21040189125295505,0.037216146378239355
-0.7999999999997272,0.7719298245614036,0.3144208037825059,0.07545899357054936,0.7631578947368421,0.29078014184397166,0.0568486026176128,0.7192982456140351,0.1843971631205674,0.03282155602433283,0.7456140350877193,0.1536643026004728,0.024810764252159587
-0.7499999999997264,0.7456140350877193,0.2695035460992908,0.06564311204866562,0.7280701754385964,0.2576832151300236,0.054073807043587496,0.7192982456140351,0.15130023640661938,0.03282155602433283,0.7105263157894738,0.12765957446808515,0.02148675212967698
-0.6999999999997257,0.736842105263158,0.2222222222222222,0.07747158654673551,0.6842105263157895,0.18912529550827425,0.0568486026176128,0.7017543859649124,0.11820330969267141,0.04472824134730514,0.6666666666666666,0.10401891252955082,0.03282155602433282
-0.649999999999725,0.7105263157894738,0.19385342789598112,0.0774715865467355,0.6666666666666666,0.16075650118203308,0.06564311204866562,0.6666666666666666,0.08983451536643024,0.024810764252159587,0.6491228070175439,0.08510638297872342,0.01240538212607982
-0.5999999999997243,0.6842105263157895,0.16312056737588654,0.0568486026176128,0.6491228070175439,0.13711583924349882,0.054073807043587496,0.6403508771929824,0.07801418439716312,0.03282155602433283,0.631578947368421,0.07092198581560283,0.021486752129677024
-0.5499999999997236,0.6754385964912281,0.13947990543735223,0.049621528504319126,0.6403508771929824,0.11583924349881798,0.054073807043587496,0.6403508771929824,0.06382978723404253,0.03282155602433283,0.6228070175438597,0.05200945626477541,0.03282155602433282
-0.4999999999997229,0.6578947368421053,0.11111111111111109,0.037216146378239355,0.587719298245614,0.0945626477541371,0.09688913172971282,0.6140350877192983,0.04964539007092202,0.049621528504319126,0.6052631578947368,0.04728132387706855,0.0372161463782393
-0.4499999999997222,0.6491228070175438,0.09929078014184396,0.03282155602433283,0.587719298245614,0.06382978723404253,0.09688913172971282,0.5964912280701755,0.04255319148936173,0.04472824134730514,0.5789473684210525,0.04255319148936173,0.042973504259354
-0.39999999999972147,0.6228070175438597,0.08274231678486998,0.049621528504319126,0.5614035087719298,0.054373522458628844,0.10814761408717505,0.5614035087719299,0.035460992907801435,0.012405382126079766,0.543859649122807,0.035460992907801435,0.054073807043587524
-0.34999999999972076,0.5964912280701754,0.06619385342789597,0.03282155602433279,0.5350877192982456,0.04491725768321512,0.08134753066224303,0.5526315789473685,0.033096926713948004,0.0,0.543859649122807,0.03073286052009457,0.054073807043587524
-0.29999999999972005,0.5789473684210527,0.05200945626477541,0.037216146378239355,0.5263157894736842,0.037825059101654866,0.07443229275647871,0.5526315789473685,0.026004728132387706,0.0,0.5263157894736842,0.03073286052009457,0.04297350425935402
-0.24999999999971934,0.5701754385964911,0.037825059101654825,0.03282155602433283,0.5175438596491229,0.030732860520094607,0.06907024450887557,0.5350877192982457,0.021276595744680844,0.024810764252159587,0.5175438596491228,0.03073286052009457,0.054073807043587524
-0.19999999999971863,0.5350877192982456,0.028368794326241138,0.032821556024332836,0.5087719298245614,0.026004728132387744,0.06202691063039894,0.5087719298245614,0.01654846335697402,0.03282155602433285,0.5,0.028368794326241138,0.04297350425935402
-0.14999999999971791,0.5175438596491228,0.021276595744680882,0.012405382126079766,0.5,0.021276595744680882,0.07443229275647871,0.4912280701754386,0.01654846335697402,0.054073807043587545,0.47368421052631576,0.021276595744680882,0.03721614637823933
-0.0999999999997172,0.47368421052631576,0.01891252955082745,0.0,0.4912280701754386,0.021276595744680882,0.0868376748825585,0.4824561403508773,0.01654846335697402,0.06564311204866566,0.46491228070175444,0.021276595744680882,0.044728241347305124
-0.04999999999971649,0.4473684210526316,0.01891252955082745,0.021486752129677,0.47368421052631576,0.01654846335697402,0.07747158654673553,0.46491228070175433,0.011820330969267157,0.06907024450887554,0.4561403508771929,0.01654846335697402,0.054073807043587496
2.8421709430404007e-13,0.4298245614035088,0.014184397163120588,0.012405382126079794,0.456140350877193,0.01654846335697402,0.07545899357054939,0.456140350877193,0.011820330969267157,0.06202691063039892,0.4561403508771929,0.01654846335697402,0.054073807043587496
0.05000000000028493,0.42105263157894735,0.014184397163120588,0.021486752129677,0.456140350877193,0.014184397163120588,0.07545899357054939,0.4473684210526316,0.011820330969267157,0.07443229275647868,0.4473684210526316,0.01654846335697402,0.0568486026176128
0.10000000000028564,0.41228070175438597,0.014184397163120588,0.024810764252159563,0.42105263157894735,0.011820330969267157,0.085947008518708,0.41228070175438597,0.009456264775413725,0.06907024450887554,0.42105263157894735,0.01654846335697402,0.07443229275647868
0.15000000000028635,0.37719298245614036,0.009456264775413725,0.012405382126079794,0.41228070175438597,0.011820330969267157,0.08683767488255847,0.41228070175438597,0.009456264775413725,0.06907024450887554,0.41228070175438597,0.014184397163120588,0.08134753066224301
0.20000000000028706,0.368421052631579,0.009456264775413725,0.021486752129677,0.37719298245614036,0.011820330969267157,0.07545899357054935,0.3947368421052631,0.007092198581560294,0.05684860261761281,0.41228070175438597,0.011820330969267157,0.08134753066224301
0.25000000000028777,0.3508771929824561,0.009456264775413725,0.044728241347305124,0.3684210526315789,0.009456264775413725,0.07747158654673549,0.3947368421052631,0.007092198581560294,0.05684860261761281,0.41228070175438597,0.009456264775413725,0.08134753066224301
0.3000000000002885,0.34210526315789475,0.009456264775413725,0.05684860261761281,0.3508771929824561,0.009456264775413725,0.08945648269461026,0.3947368421052631,0.007092198581560294,0.05684860261761281,0.40350877192982454,0.007092198581560294,0.08683767488255845
0.3500000000002892,0.30701754385964913,0.007092198581560294,0.04962152850431914,0.3508771929824561,0.007092198581560294,0.08945648269461026,0.3859649122807018,0.007092198581560294,0.06907024450887553,0.40350877192982454,0.007092198581560294,0.08683767488255845
0.4000000000002899,0.30701754385964913,0.004728132387706863,0.04962152850431914,0.3421052631578947,0.007092198581560294,0.09846466807299846,0.37719298245614036,0.007092198581560294,0.06202691063039889,0.3947368421052631,0.007092198581560294,0.07443229275647868
0.4500000000002906,0.30701754385964913,0.0023640661938534313,0.04962152850431914,0.31578947368421056,0.007092198581560294,0.09846466807299846,0.3684210526315789,0.007092198581560294,0.07443229275647868,0.3947368421052631,0.004728132387706863,0.07443229275647868
0.5000000000002913,0.2807017543859649,0.0023640661938534313,0.06907024450887554,0.30701754385964913,0.007092198581560294,0.08683767488255847,0.34210526315789475,0.007092198581560294,0.0774715865467355,0.3947368421052631,0.004728132387706863,0.07443229275647868
0.550000000000292,0.2719298245614035,0.0023640661938534313,0.06564311204866564,0.2982456140350877,0.007092198581560294,0.07545899357054936,0.34210526315789475,0.007092198581560294,0.0774715865467355,0.3859649122807018,0.004728132387706863,0.06202691063039889
0.6000000000002927,0.2631578947368421,0.0023640661938534313,0.06446025638903101,0.2807017543859649,0.007092198581560294,0.09688913172971282,0.3333333333333333,0.007092198581560294,0.08945648269461026,0.368421052631579,0.004728132387706863,0.05684860261761281
0.6500000000002935,0.25438596491228066,0.0023640661938534313,0.06564311204866564,0.2631578947368421,0.007092198581560294,0.1196331727805777,0.3333333333333333,0.007092198581560294,0.08945648269461026,0.368421052631579,0.004728132387706863,0.05684860261761281
0.7000000000002942,0.22807017543859645,0.0023640661938534313,0.08683767488255847,0.23684210526315788,0.004728132387706863,0.1341847240419154,0.3157894736842105,0.007092198581560294,0.0936585811581694,0.35964912280701755,0.004728132387706863,0.06564311204866563
0.7500000000002949,0.21052631578947367,0.0023640661938534313,0.0774715865467355,0.2280701754385965,0.004728132387706863,0.1259008780211169,0.2982456140350877,0.007092198581560294,0.09924305700863825,0.3508771929824561,0.004728132387706863,0.054073807043587496
0.8000000000002956,0.21052631578947367,0.0023640661938534313,0.0774715865467355,0.2280701754385965,0.004728132387706863,0.1259008780211169,0.2894736842105263,0.007092198581560294,0.0936585811581694,0.3508771929824561,0.004728132387706863,0.054073807043587496
0.8500000000002963,0.1929824561403509,0.0023640661938534313,0.07545899357054936,0.2280701754385965,0.004728132387706863,0.1259008780211169,0.2807017543859649,0.007092198581560294,0.1059916313473208,0.32456140350877194,0.004728132387706863,0.06564311204866564
0.900000000000297,0.17543859649122806,0.0023640661938534313,0.05407380704358751,0.2192982456140351,0.004728132387706863,0.13814048901775108,0.2719298245614035,0.007092198581560294,0.09924305700863825,0.3157894736842105,0.004728132387706863,0.07747158654673551
0.9500000000002977,0.15789473684210525,0.0023640661938534313,0.056848602617612806,0.2192982456140351,0.004728132387706863,0.13814048901775108,0.25438596491228066,0.007092198581560294,0.08945648269461028,0.30701754385964913,0.004728132387706863,0.07545899357054936
1.0000000000002984,0.15789473684210525,0.0023640661938534313,0.056848602617612806,0.2192982456140351,0.004728132387706863,0.13814048901775108,0.25438596491228066,0.007092198581560294,0.08945648269461028,0.30701754385964913,0.004728132387706863,0.07545899357054936
1.0500000000002991,0.14912280701754385,0.0023640661938534313,0.06564311204866563,0.21052631578947367,0.004728132387706863,0.1341847240419154,0.23684210526315788,0.007092198581560294,0.09846466807299846,0.2982456140350877,0.004728132387706863,0.06564311204866563
1.1000000000002998,0.14912280701754385,0.0,0.06564311204866563,0.20175438596491227,0.0023640661938534313,0.12590087802111688,0.23684210526315788,0.007092198581560294,0.09846466807299846,0.2894736842105263,0.004728132387706863,0.0774715865467355
1.1500000000003006,0.14035087719298245,0.0,0.06907024450887553,0.20175438596491227,0.0023640661938534313,0.12590087802111688,0.23684210526315788,0.007092198581560294,0.09846466807299846,0.2894736842105263,0.004728132387706863,0.0774715865467355
1.2000000000003013,0.13157894736842105,0.0,0.07443229275647868,0.1929824561403509,0.0023640661938534313,0.11833980318624597,0.23684210526315788,0.007092198581560294,0.09846466807299846,0.2894736842105263,0.004728132387706863,0.0774715865467355
1.250000000000302,0.12280701754385964,0.0,0.08134753066224301,0.18421052631578946,0.0023640661938534313,0.11369720523522563,0.23684210526315788,0.004728132387706863,0.09846466807299846,0.2807017543859649,0.004728132387706863,0.06907024450887554
1.3000000000003027,0.11403508771929823,0.0,0.06907024450887553,0.18421052631578946,0.0023640661938534313,0.11369720523522563,0.2280701754385965,0.004728132387706863,0.08945648269461026,0.2719298245614035,0.004728132387706863,0.06564311204866564
1.3500000000003034,0.10526315789473684,0.0,0.056848602617612806,0.18421052631578946,0.0023640661938534313,0.11369720523522563,0.21929824561403508,0.004728132387706863,0.08683767488255847,0.25438596491228066,0.004728132387706863,0.05407380704358751
1.4000000000003041,0.10526315789473684,0.0,0.056848602617612806,0.17543859649122806,0.0023640661938534313,0.1059916313473208,0.21052631578947367,0.004728132387706863,0.085947008518708,0.24561403508771928,0.0023640661938534313,0.06564311204866563
1.4500000000003048,0.10526315789473684,0.0,0.056848602617612806,0.16666666666666666,0.0023640661938534313,0.10154242897184408,0.1842105263157895,0.004728132387706863,0.08594700851870801,0.23684210526315788,0.0023640661938534313,0.064460256389031
1.5000000000003055,0.09649122807017545,0.0,0.062026910630398904,0.16666666666666666,0.0,0.10154242897184408,0.17543859649122806,0.004728132387706863,0.07545899357054936,0.22807017543859645,0.0023640661938534313,0.06564311204866563
1.5500000000003062,0.08771929824561403,0.0,0.06907024450887553,0.14912280701754385,0.0,0.08945648269461025,0.17543859649122806,0.004728132387706863,0.07545899357054936,0.2192982456140351,0.0023640661938534313,0.054073807043587524
1.600000000000307,0.08771929824561403,0.0,0.06907024450887553,0.14912280701754385,0.0,0.08945648269461025,0.16666666666666666,0.004728132387706863,0.06564311204866563,0.2192982456140351,0.0023640661938534313,0.054073807043587524
1.6500000000003077,0.08771929824561403,0.0,0.06907024450887553,0.14912280701754385,0.0,0.08945648269461025,0.16666666666666666,0.004728132387706863,0.06564311204866563,0.20175438596491224,0.0023640661938534313,0.044728241347305124
1.7000000000003084,0.08771929824561403,0.0,0.06907024450887553,0.14035087719298245,0.0,0.08134753066224301,0.14912280701754385,0.004728132387706863,0.049621528504319126,0.18421052631578946,0.0023640661938534313,0.042973504259354
1.750000000000309,0.07894736842105263,0.0,0.056848602617612806,0.13157894736842105,0.0,0.0774715865467355,0.14912280701754385,0.004728132387706863,0.049621528504319126,0.17543859649122806,0.0023640661938534313,0.04472824134730513
1.8000000000003098,0.07894736842105263,0.0,0.056848602617612806,0.13157894736842105,0.0,0.0774715865467355,0.14912280701754385,0.004728132387706863,0.049621528504319126,0.17543859649122806,0.0,0.04472824134730513
1.8500000000003105,0.07017543859649122,0.0,0.062026910630398904,0.12280701754385964,0.0,0.06907024450887553,0.14035087719298245,0.004728132387706863,0.04472824134730513,0.17543859649122806,0.0,0.04472824134730513
1.9000000000003112,0.07017543859649122,0.0,0.062026910630398904,0.10526315789473684,0.0,0.056848602617612806,0.14035087719298245,0.004728132387706863,0.04472824134730513,0.17543859649122806,0.0,0.04472824134730513
1.950000000000312,0.07017543859649122,0.0,0.062026910630398904,0.10526315789473684,0.0,0.056848602617612806,0.14035087719298245,0.004728132387706863,0.04472824134730513,0.17543859649122806,0.0,0.04472824134730513
2.0000000000003126,0.06140350877192982,0.0,0.049621528504319126,0.10526315789473684,0.0,0.056848602617612806,0.13157894736842105,0.004728132387706863,0.042973504259354,0.17543859649122806,0.0,0.04472824134730513
2.0500000000003133,0.05263157894736842,0.0,0.03721614637823934,0.10526315789473684,0.0,0.056848602617612806,0.13157894736842105,0.004728132387706863,0.042973504259354,0.16666666666666666,0.0,0.032821556024332815
2.100000000000314,0.05263157894736842,0.0,0.03721614637823934,0.09649122807017545,0.0,0.06907024450887553,0.13157894736842105,0.004728132387706863,0.042973504259354,0.15789473684210528,0.0,0.021486752129677
2.1500000000003148,0.05263157894736842,0.0,0.03721614637823934,0.08771929824561403,0.0,0.0620269106303989,0.12280701754385966,0.004728132387706863,0.032821556024332815,0.14912280701754385,0.0,0.024810764252159563
2.2000000000003155,0.05263157894736842,0.0,0.03721614637823934,0.08771929824561403,0.0,0.0620269106303989,0.12280701754385966,0.004728132387706863,0.032821556024332815,0.14912280701754385,0.0,0.024810764252159563
2.250000000000316,0.05263157894736842,0.0,0.03721614637823934,0.07894736842105263,0.0,0.056848602617612806,0.12280701754385966,0.004728132387706863,0.032821556024332815,0.14912280701754385,0.0,0.024810764252159563
2.300000000000317,0.043859649122807015,0.0,0.024810764252159563,0.07894736842105263,0.0,0.056848602617612806,0.12280701754385966,0.0023640661938534313,0.032821556024332815,0.14035087719298245,0.0,0.032821556024332815
2.3500000000003176,0.03508771929824561,0.0,0.012405382126079782,0.07017543859649122,0.0,0.049621528504319126,0.12280701754385966,0.0023640661938534313,0.032821556024332815,0.14035087719298245,0.0,0.032821556024332815
2.4000000000003183,0.03508771929824561,0.0,0.012405382126079782,0.07017543859649122,0.0,0.049621528504319126,0.12280701754385966,0.0023640661938534313,0.032821556024332815,0.14035087719298245,0.0,0.032821556024332815
2.450000000000319,0.03508771929824561,0.0,0.012405382126079782,0.07017543859649122,0.0,0.049621528504319126,0.12280701754385966,0.0023640661938534313,0.032821556024332815,0.14035087719298245,0.0,0.032821556024332815
2.5000000000003197,0.03508771929824561,0.0,0.012405382126079782,0.07017543859649122,0.0,0.049621528504319126,0.11403508771929825,0.0023640661938534313,0.04472824134730513,0.14035087719298245,0.0,0.032821556024332815
2.5500000000003205,0.03508771929824561,0.0,0.012405382126079782,0.07017543859649122,0.0,0.049621528504319126,0.11403508771929825,0.0023640661938534313,0.04472824134730513,0.13157894736842105,0.0,0.042973504259354
2.600000000000321,0.03508771929824561,0.0,0.012405382126079782,0.07017543859649122,0.0,0.049621528504319126,0.10526315789473684,0.0023640661938534313,0.03721614637823934,0.12280701754385964,0.0,0.032821556024332815
2.650000000000322,0.03508771929824561,0.0,0.012405382126079782,0.06140350877192982,0.0,0.044728241347305124,0.10526315789473684,0.0023640661938534313,0.03721614637823934,0.12280701754385964,0.0,0.032821556024332815
2.7000000000003226,0.03508771929824561,0.0,0.012405382126079782,0.06140350877192982,0.0,0.044728241347305124,0.10526315789473684,0.0,0.03721614637823934,0.11403508771929823,0.0,0.032821556024332815
2.7500000000003233,0.02631578947368421,0.0,0.0,0.05263157894736842,0.0,0.03721614637823934,0.10526315789473684,0.0,0.03721614637823934,0.11403508771929823,0.0,0.032821556024332815
2.800000000000324,0.017543859649122806,0.0,0.012405382126079782,0.05263157894736842,0.0,0.03721614637823934,0.09649122807017545,0.0,0.032821556024332815,0.10526315789473684,0.0,0.042973504259354
2.8500000000003247,0.017543859649122806,0.0,0.012405382126079782,0.043859649122807015,0.0,0.032821556024332815,0.09649122807017545,0.0,0.032821556024332815,0.10526315789473684,0.0,0.042973504259354
2.9000000000003254,0.017543859649122806,0.0,0.012405382126079782,0.043859649122807015,0.0,0.032821556024332815,0.09649122807017545,0.0,0.032821556024332815,0.10526315789473684,0.0,0.042973504259354
2.950000000000326,0.017543859649122806,0.0,0.012405382126079782,0.043859649122807015,0.0,0.032821556024332815,0.09649122807017545,0.0,0.032821556024332815,0.10526315789473684,0.0,0.042973504259354
3.000000000000327,0.017543859649122806,0.0,0.012405382126079782,0.03508771929824561,0.0,0.032821556024332815,0.09649122807017545,0.0,0.032821556024332815,0.10526315789473684,0.0,0.042973504259354
3.0500000000003276,0.017543859649122806,0.0,0.012405382126079782,0.03508771929824561,0.0,0.032821556024332815,0.08771929824561403,0.0,0.024810764252159563,0.10526315789473684,0.0,0.042973504259354
3.1000000000003283,0.017543859649122806,0.0,0.012405382126079782,0.03508771929824561,0.0,0.032821556024332815,0.08771929824561403,0.0,0.024810764252159563,0.09649122807017545,0.0,0.032821556024332815
3.150000000000329,0.017543859649122806,0.0,0.012405382126079782,0.03508771929824561,0.0,0.032821556024332815,0.08771929824561403,0.0,0.024810764252159563,0.09649122807017545,0.0,0.032821556024332815
3.2000000000003297,0.017543859649122806,0.0,0.012405382126079782,0.02631578947368421,0.0,0.021486752129677,0.08771929824561403,0.0,0.024810764252159563,0.07894736842105263,0.0,0.042973504259354
3.2500000000003304,0.017543859649122806,0.0,0.012405382126079782,0.02631578947368421,0.0,0.021486752129677,0.08771929824561403,0.0,0.024810764252159563,0.07894736842105263,0.0,0.042973504259354
3.300000000000331,0.017543859649122806,0.0,0.012405382126079782,0.02631578947368421,0.0,0.021486752129677,0.08771929824561403,0.0,0.024810764252159563,0.07894736842105263,0.0,0.042973504259354
3.350000000000332,0.017543859649122806,0.0,0.012405382126079782,0.017543859649122806,0.0,0.012405382126079782,0.07894736842105263,0.0,0.021486752129677,0.07894736842105263,0.0,0.042973504259354
3.4000000000003325,0.017543859649122806,0.0,0.012405382126079782,0.017543859649122806,0.0,0.012405382126079782,0.07894736842105263,0.0,0.021486752129677,0.07894736842105263,0.0,0.042973504259354
3.4500000000003332,0.017543859649122806,0.0,0.012405382126079782,0.017543859649122806,0.0,0.012405382126079782,0.07894736842105263,0.0,0.021486752129677,0.07017543859649122,0.0,0.032821556024332815
3.500000000000334,0.017543859649122806,0.0,0.012405382126079782,0.017543859649122806,0.0,0.012405382126079782,0.07894736842105263,0.0,0.021486752129677,0.07017543859649122,0.0,0.032821556024332815
3.5500000000003347,0.017543859649122806,0.0,0.012405382126079782,0.017543859649122806,0.0,0.012405382126079782,0.07894736842105263,0.0,0.021486752129677,0.07017543859649122,0.0,0.032821556024332815
3.6000000000003354,0.017543859649122806,0.0,0.012405382126079782,0.017543859649122806,0.0,0.012405382126079782,0.07894736842105263,0.0,0.021486752129677,0.07017543859649122,0.0,0.032821556024332815
3.650000000000336,0.017543859649122806,0.0,0.012405382126079782,0.017543859649122806,0.0,0.012405382126079782,0.07894736842105263,0.0,0.021486752129677,0.07017543859649122,0.0,0.032821556024332815
3.700000000000337,0.017543859649122806,0.0,0.012405382126079782,0.017543859649122806,0.0,0.012405382126079782,0.06140350877192982,0.0,0.012405382126079782,0.07017543859649122,0.0,0.032821556024332815
3.7500000000003375,0.017543859649122806,0.0,0.012405382126079782,0.017543859649122806,0.0,0.012405382126079782,0.05263157894736842,0.0,0.021486752129677,0.07017543859649122,0.0,0.032821556024332815
3.800000000000338,0.017543859649122806,0.0,0.012405382126079782,0.017543859649122806,0.0,0.012405382126079782,0.05263157894736842,0.0,0.021486752129677,0.07017543859649122,0.0,0.032821556024332815
3.850000000000339,0.017543859649122806,0.0,0.012405382126079782,0.017543859649122806,0.0,0.012405382126079782,0.05263157894736842,0.0,0.021486752129677,0.06140350877192982,0.0,0.032821556024332815
3.9000000000003396,0.008771929824561403,0.0,0.012405382126079782,0.017543859649122806,0.0,0.012405382126079782,0.043859649122807015,0.0,0.032821556024332815,0.06140350877192982,0.0,0.032821556024332815
3.9500000000003403,0.008771929824561403,0.0,0.012405382126079782,0.017543859649122806,0.0,0.012405382126079782,0.043859649122807015,0.0,0.032821556024332815,0.06140350877192982,0.0,0.032821556024332815
4.000000000000341,0.008771929824561403,0.0,0.012405382126079782,0.017543859649122806,0.0,0.012405382126079782,0.043859649122807015,0.0,0.032821556024332815,0.06140350877192982,0.0,0.032821556024332815
4.050000000000342,0.008771929824561403,0.0,0.012405382126079782,0.017543859649122806,0.0,0.012405382126079782,0.043859649122807015,0.0,0.032821556024332815,0.06140350877192982,0.0,0.032821556024332815
4.1000000000003425,0.008771929824561403,0.0,0.012405382126079782,0.017543859649122806,0.0,0.012405382126079782,0.03508771929824561,0.0,0.032821556024332815,0.06140350877192982,0.0,0.032821556024332815
4.150000000000343,0.008771929824561403,0.0,0.012405382126079782,0.017543859649122806,0.0,0.012405382126079782,0.02631578947368421,0.0,0.021486752129677,0.05263157894736842,0.0,0.021486752129677
4.200000000000344,0.008771929824561403,0.0,0.012405382126079782,0.017543859649122806,0.0,0.012405382126079782,0.02631578947368421,0.0,0.021486752129677,0.043859649122807015,0.0,0.012405382126079782
4.250000000000345,0.008771929824561403,0.0,0.012405382126079782,0.017543859649122806,0.0,0.012405382126079782,0.02631578947368421,0.0,0.021486752129677,0.043859649122807015,0.0,0.012405382126079782
4.300000000000345,0.008771929824561403,0.0,0.012405382126079782,0.017543859649122806,0.0,0.012405382126079782,0.02631578947368421,0.0,0.021486752129677,0.043859649122807015,0.0,0.012405382126079782
4.350000000000346,0.008771929824561403,0.0,0.012405382126079782,0.017543859649122806,0.0,0.012405382126079782,0.02631578947368421,0.0,0.021486752129677,0.043859649122807015,0.0,0.012405382126079782
4.400000000000347,0.008771929824561403,0.0,0.012405382126079782,0.017543859649122806,0.0,0.012405382126079782,0.02631578947368421,0.0,0.021486752129677,0.043859649122807015,0.0,0.012405382126079782
4.4500000000003475,0.008771929824561403,0.0,0.012405382126079782,0.017543859649122806,0.0,0.012405382126079782,0.02631578947368421,0.0,0.021486752129677,0.03508771929824561,0.0,0.012405382126079782
4.500000000000348,0.008771929824561403,0.0,0.012405382126079782,0.017543859649122806,0.0,0.012405382126079782,0.02631578947368421,0.0,0.021486752129677,0.03508771929824561,0.0,0.012405382126079782
4.550000000000349,0.008771929824561403,0.0,0.012405382126079782,0.017543859649122806,0.0,0.012405382126079782,0.02631578947368421,0.0,0.021486752129677,0.03508771929824561,0.0,0.012405382126079782
4.60000000000035,0.008771929824561403,0.0,0.012405382126079782,0.017543859649122806,0.0,0.012405382126079782,0.02631578947368421,0.0,0.021486752129677,0.03508771929824561,0.0,0.012405382126079782
4.65000000000035,0.008771929824561403,0.0,0.012405382126079782,0.017543859649122806,0.0,0.012405382126079782,0.02631578947368421,0.0,0.021486752129677,0.03508771929824561,0.0,0.012405382126079782
4.700000000000351,0.008771929824561403,0.0,0.012405382126079782,0.017543859649122806,0.0,0.012405382126079782,0.02631578947368421,0.0,0.021486752129677,0.03508771929824561,0.0,0.012405382126079782
4.750000000000352,0.008771929824561403,0.0,0.012405382126079782,0.017543859649122806,0.0,0.012405382126079782,0.02631578947368421,0.0,0.021486752129677,0.03508771929824561,0.0,0.012405382126079782
4.800000000000352,0.008771929824561403,0.0,0.012405382126079782,0.017543859649122806,0.0,0.012405382126079782,0.017543859649122806,0.0,0.012405382126079782,0.03508771929824561,0.0,0.012405382126079782
4.850000000000353,0.008771929824561403,0.0,0.012405382126079782,0.017543859649122806,0.0,0.012405382126079782,0.017543859649122806,0.0,0.012405382126079782,0.03508771929824561,0.0,0.012405382126079782
4.900000000000354,0.008771929824561403,0.0,0.012405382126079782,0.017543859649122806,0.0,0.012405382126079782,0.017543859649122806,0.0,0.012405382126079782,0.03508771929824561,0.0,0.012405382126079782
4.950000000000355,0.008771929824561403,0.0,0.012405382126079782,0.017543859649122806,0.0,0.012405382126079782,0.017543859649122806,0.0,0.012405382126079782,0.03508771929824561,0.0,0.012405382126079782
5.000000000000355,0.008771929824561403,0.0,0.012405382126079782,0.017543859649122806,0.0,0.012405382126079782,0.017543859649122806,0.0,0.012405382126079782,0.03508771929824561,0.0,0.012405382126079782
5.050000000000356,0.008771929824561403,0.0,0.012405382126079782,0.017543859649122806,0.0,0.012405382126079782,0.017543859649122806,0.0,0.012405382126079782,0.03508771929824561,0.0,0.012405382126079782
5.100000000000357,0.008771929824561403,0.0,0.012405382126079782,0.017543859649122806,0.0,0.012405382126079782,0.017543859649122806,0.0,0.012405382126079782,0.03508771929824561,0.0,0.012405382126079782
5.150000000000357,0.008771929824561403,0.0,0.012405382126079782,0.017543859649122806,0.0,0.012405382126079782,0.017543859649122806,0.0,0.012405382126079782,0.03508771929824561,0.0,0.012405382126079782
5.200000000000358,0.008771929824561403,0.0,0.012405382126079782,0.017543859649122806,0.0,0.012405382126079782,0.017543859649122806,0.0,0.012405382126079782,0.03508771929824561,0.0,0.012405382126079782
5.250000000000359,0.008771929824561403,0.0,0.012405382126079782,0.017543859649122806,0.0,0.012405382126079782,0.017543859649122806,0.0,0.012405382126079782,0.03508771929824561,0.0,0.012405382126079782
5.3000000000003595,0.008771929824561403,0.0,0.012405382126079782,0.017543859649122806,0.0,0.012405382126079782,0.017543859649122806,0.0,0.012405382126079782,0.03508771929824561,0.0,0.012405382126079782
5.35000000000036,0.008771929824561403,0.0,0.012405382126079782,0.017543859649122806,0.0,0.012405382126079782,0.017543859649122806,0.0,0.012405382126079782,0.03508771929824561,0.0,0.012405382126079782
5.400000000000361,0.008771929824561403,0.0,0.012405382126079782,0.017543859649122806,0.0,0.012405382126079782,0.017543859649122806,0.0,0.012405382126079782,0.03508771929824561,0.0,0.012405382126079782
5.450000000000362,0.008771929824561403,0.0,0.012405382126079782,0.017543859649122806,0.0,0.012405382126079782,0.017543859649122806,0.0,0.012405382126079782,0.03508771929824561,0.0,0.012405382126079782
5.500000000000362,0.008771929824561403,0.0,0.012405382126079782,0.017543859649122806,0.0,0.012405382126079782,0.017543859649122806,0.0,0.012405382126079782,0.03508771929824561,0.0,0.012405382126079782
5.550000000000363,0.008771929824561403,0.0,0.012405382126079782,0.017543859649122806,0.0,0.012405382126079782,0.017543859649122806,0.0,0.012405382126079782,0.03508771929824561,0.0,0.012405382126079782
5.600000000000364,0.008771929824561403,0.0,0.012405382126079782,0.017543859649122806,0.0,0.012405382126079782,0.017543859649122806,0.0,0.012405382126079782,0.03508771929824561,0.0,0.012405382126079782
5.6500000000003645,0.008771929824561403,0.0,0.012405382126079782,0.017543859649122806,0.0,0.012405382126079782,0.017543859649122806,0.0,0.012405382126079782,0.02631578947368421,0.0,0.021486752129677
5.700000000000365,0.008771929824561403,0.0,0.012405382126079782,0.017543859649122806,0.0,0.012405382126079782,0.017543859649122806,0.0,0.012405382126079782,0.02631578947368421,0.0,0.021486752129677
5.750000000000366,0.008771929824561403,0.0,0.012405382126079782,0.017543859649122806,0.0,0.012405382126079782,0.017543859649122806,0.0,0.012405382126079782,0.02631578947368421,0.0,0.021486752129677
5.800000000000367,0.008771929824561403,0.0,0.012405382126079782,0.017543859649122806,0.0,0.012405382126079782,0.017543859649122806,0.0,0.012405382126079782,0.02631578947368421,0.0,0.021486752129677
5.850000000000367,0.008771929824561403,0.0,0.012405382126079782,0.017543859649122806,0.0,0.012405382126079782,0.017543859649122806,0.0,0.012405382126079782,0.02631578947368421,0.0,0.021486752129677
5.900000000000368,0.008771929824561403,0.0,0.012405382126079782,0.017543859649122806,0.0,0.012405382126079782,0.017543859649122806,0.0,0.012405382126079782,0.02631578947368421,0.0,0.021486752129677
5.950000000000369,0.008771929824561403,0.0,0.012405382126079782,0.017543859649122806,0.0,0.012405382126079782,0.017543859649122806,0.0,0.012405382126079782,0.02631578947368421,0.0,0.021486752129677
6.0000000000003695,0.008771929824561403,0.0,0.012405382126079782,0.017543859649122806,0.0,0.012405382126079782,0.017543859649122806,0.0,0.012405382126079782,0.02631578947368421,0.0,0.021486752129677
6.05000000000037,0.008771929824561403,0.0,0.012405382126079782,0.017543859649122806,0.0,0.012405382126079782,0.017543859649122806,0.0,0.012405382126079782,0.02631578947368421,0.0,0.021486752129677
6.100000000000371,0.008771929824561403,0.0,0.012405382126079782,0.017543859649122806,0.0,0.012405382126079782,0.017543859649122806,0.0,0.012405382126079782,0.017543859649122806,0.0,0.012405382126079782
6.150000000000372,0.008771929824561403,0.0,0.012405382126079782,0.017543859649122806,0.0,0.012405382126079782,0.017543859649122806,0.0,0.012405382126079782,0.017543859649122806,0.0,0.012405382126079782
6.200000000000372,0.008771929824561403,0.0,0.012405382126079782,0.017543859649122806,0.0,0.012405382126079782,0.017543859649122806,0.0,0.012405382126079782,0.017543859649122806,0.0,0.012405382126079782
6.250000000000373,0.008771929824561403,0.0,0.012405382126079782,0.008771929824561403,0.0,0.012405382126079782,0.017543859649122806,0.0,0.012405382126079782,0.017543859649122806,0.0,0.012405382126079782
6.300000000000374,0.008771929824561403,0.0,0.012405382126079782,0.008771929824561403,0.0,0.012405382126079782,0.017543859649122806,0.0,0.012405382126079782,0.017543859649122806,0.0,0.012405382126079782
6.3500000000003745,0.008771929824561403,0.0,0.012405382126079782,0.008771929824561403,0.0,0.012405382126079782,0.017543859649122806,0.0,0.012405382126079782,0.017543859649122806,0.0,0.012405382126079782
6.400000000000375,0.008771929824561403,0.0,0.012405382126079782,0.008771929824561403,0.0,0.012405382126079782,0.017543859649122806,0.0,0.012405382126079782,0.017543859649122806,0.0,0.012405382126079782
6.450000000000376,0.008771929824561403,0.0,0.012405382126079782,0.008771929824561403,0.0,0.012405382126079782,0.017543859649122806,0.0,0.012405382126079782,0.017543859649122806,0.0,0.012405382126079782
6.500000000000377,0.008771929824561403,0.0,0.012405382126079782,0.008771929824561403,0.0,0.012405382126079782,0.017543859649122806,0.0,0.012405382126079782,0.017543859649122806,0.0,0.012405382126079782
6.550000000000377,0.008771929824561403,0.0,0.012405382126079782,0.008771929824561403,0.0,0.012405382126079782,0.017543859649122806,0.0,0.012405382126079782,0.017543859649122806,0.0,0.012405382126079782
6.600000000000378,0.008771929824561403,0.0,0.012405382126079782,0.008771929824561403,0.0,0.012405382126079782,0.017543859649122806,0.0,0.012405382126079782,0.017543859649122806,0.0,0.012405382126079782
6.650000000000379,0.008771929824561403,0.0,0.012405382126079782,0.008771929824561403,0.0,0.012405382126079782,0.017543859649122806,0.0,0.012405382126079782,0.017543859649122806,0.0,0.012405382126079782
6.700000000000379,0.008771929824561403,0.0,0.012405382126079782,0.008771929824561403,0.0,0.012405382126079782,0.017543859649122806,0.0,0.012405382126079782,0.017543859649122806,0.0,0.012405382126079782
6.75000000000038,0.0,0.0,0.0,0.008771929824561403,0.0,0.012405382126079782,0.017543859649122806,0.0,0.012405382126079782,0.017543859649122806,0.0,0.012405382126079782
6.800000000000381,0.0,0.0,0.0,0.008771929824561403,0.0,0.012405382126079782,0.017543859649122806,0.0,0.012405382126079782,0.017543859649122806,0.0,0.012405382126079782
6.850000000000382,0.0,0.0,0.0,0.008771929824561403,0.0,0.012405382126079782,0.017543859649122806,0.0,0.012405382126079782,0.017543859649122806,0.0,0.012405382126079782
6.900000000000382,0.0,0.0,0.0,0.008771929824561403,0.0,0.012405382126079782,0.017543859649122806,0.0,0.012405382126079782,0.017543859649122806,0.0,0.012405382126079782
6.950000000000383,0.0,0.0,0.0,0.008771929824561403,0.0,0.012405382126079782,0.017543859649122806,0.0,0.012405382126079782,0.017543859649122806,0.0,0.012405382126079782
7.000000000000384,0.0,0.0,0.0,0.008771929824561403,0.0,0.012405382126079782,0.017543859649122806,0.0,0.012405382126079782,0.017543859649122806,0.0,0.012405382126079782
7.050000000000384,0.0,0.0,0.0,0.008771929824561403,0.0,0.012405382126079782,0.017543859649122806,0.0,0.012405382126079782,0.017543859649122806,0.0,0.012405382126079782
7.100000000000385,0.0,0.0,0.0,0.008771929824561403,0.0,0.012405382126079782,0.017543859649122806,0.0,0.012405382126079782,0.017543859649122806,0.0,0.012405382126079782
7.150000000000386,0.0,0.0,0.0,0.008771929824561403,0.0,0.012405382126079782,0.017543859649122806,0.0,0.012405382126079782,0.017543859649122806,0.0,0.012405382126079782
7.2000000000003865,0.0,0.0,0.0,0.008771929824561403,0.0,0.012405382126079782,0.017543859649122806,0.0,0.012405382126079782,0.017543859649122806,0.0,0.012405382126079782
7.250000000000387,0.0,0.0,0.0,0.008771929824561403,0.0,0.012405382126079782,0.017543859649122806,0.0,0.012405382126079782,0.017543859649122806,0.0,0.012405382126079782
7.300000000000388,0.0,0.0,0.0,0.008771929824561403,0.0,0.012405382126079782,0.017543859649122806,0.0,0.012405382126079782,0.017543859649122806,0.0,0.012405382126079782
7.350000000000389,0.0,0.0,0.0,0.008771929824561403,0.0,0.012405382126079782,0.017543859649122806,0.0,0.012405382126079782,0.017543859649122806,0.0,0.012405382126079782
7.400000000000389,0.0,0.0,0.0,0.008771929824561403,0.0,0.012405382126079782,0.017543859649122806,0.0,0.012405382126079782,0.017543859649122806,0.0,0.012405382126079782
7.45000000000039,0.0,0.0,0.0,0.008771929824561403,0.0,0.012405382126079782,0.017543859649122806,0.0,0.012405382126079782,0.017543859649122806,0.0,0.012405382126079782
7.500000000000391,0.0,0.0,0.0,0.008771929824561403,0.0,0.012405382126079782,0.017543859649122806,0.0,0.012405382126079782,0.017543859649122806,0.0,0.012405382126079782
7.5500000000003915,0.0,0.0,0.0,0.008771929824561403,0.0,0.012405382126079782,0.017543859649122806,0.0,0.012405382126079782,0.017543859649122806,0.0,0.012405382126079782
7.600000000000392,0.0,0.0,0.0,0.008771929824561403,0.0,0.012405382126079782,0.017543859649122806,0.0,0.012405382126079782,0.017543859649122806,0.0,0.012405382126079782
7.650000000000393,0.0,0.0,0.0,0.008771929824561403,0.0,0.012405382126079782,0.017543859649122806,0.0,0.012405382126079782,0.017543859649122806,0.0,0.012405382126079782
7.700000000000394,0.0,0.0,0.0,0.008771929824561403,0.0,0.012405382126079782,0.017543859649122806,0.0,0.012405382126079782,0.017543859649122806,0.0,0.012405382126079782
7.750000000000394,0.0,0.0,0.0,0.008771929824561403,0.0,0.012405382126079782,0.017543859649122806,0.0,0.012405382126079782,0.017543859649122806,0.0,0.012405382126079782
7.800000000000395,0.0,0.0,0.0,0.008771929824561403,0.0,0.012405382126079782,0.017543859649122806,0.0,0.012405382126079782,0.017543859649122806,0.0,0.012405382126079782
7.850000000000396,0.0,0.0,0.0,0.008771929824561403,0.0,0.012405382126079782,0.017543859649122806,0.0,0.012405382126079782,0.017543859649122806,0.0,0.012405382126079782
7.9000000000003965,0.0,0.0,0.0,0.008771929824561403,0.0,0.012405382126079782,0.017543859649122806,0.0,0.012405382126079782,0.017543859649122806,0.0,0.012405382126079782
7.950000000000397,0.0,0.0,0.0,0.008771929824561403,0.0,0.012405382126079782,0.017543859649122806,0.0,0.012405382126079782,0.017543859649122806,0.0,0.012405382126079782
8.000000000000398,0.0,0.0,0.0,0.008771929824561403,0.0,0.012405382126079782,0.017543859649122806,0.0,0.012405382126079782,0.017543859649122806,0.0,0.012405382126079782
8.050000000000399,0.0,0.0,0.0,0.008771929824561403,0.0,0.012405382126079782,0.017543859649122806,0.0,0.012405382126079782,0.017543859649122806,0.0,0.012405382126079782
8.1000000000004,0.0,0.0,0.0,0.008771929824561403,0.0,0.012405382126079782,0.017543859649122806,0.0,0.012405382126079782,0.017543859649122806,0.0,0.012405382126079782
8.1500000000004,0.0,0.0,0.0,0.008771929824561403,0.0,0.012405382126079782,0.017543859649122806,0.0,0.012405382126079782,0.017543859649122806,0.0,0.012405382126079782
8.2000000000004,0.0,0.0,0.0,0.008771929824561403,0.0,0.012405382126079782,0.017543859649122806,0.0,0.012405382126079782,0.017543859649122806,0.0,0.012405382126079782
8.250000000000401,0.0,0.0,0.0,0.008771929824561403,0.0,0.012405382126079782,0.017543859649122806,0.0,0.012405382126079782,0.017543859649122806,0.0,0.012405382126079782
8.300000000000402,0.0,0.0,0.0,0.008771929824561403,0.0,0.012405382126079782,0.017543859649122806,0.0,0.012405382126079782,0.017543859649122806,0.0,0.012405382126079782
8.350000000000403,0.0,0.0,0.0,0.008771929824561403,0.0,0.012405382126079782,0.017543859649122806,0.0,0.012405382126079782,0.017543859649122806,0.0,0.012405382126079782
8.400000000000404,0.0,0.0,0.0,0.008771929824561403,0.0,0.012405382126079782,0.017543859649122806,0.0,0.012405382126079782,0.017543859649122806,0.0,0.012405382126079782
8.450000000000404,0.0,0.0,0.0,0.008771929824561403,0.0,0.012405382126079782,0.017543859649122806,0.0,0.012405382126079782,0.017543859649122806,0.0,0.012405382126079782
8.500000000000405,0.0,0.0,0.0,0.008771929824561403,0.0,0.012405382126079782,0.017543859649122806,0.0,0.012405382126079782,0.017543859649122806,0.0,0.012405382126079782
8.550000000000406,0.0,0.0,0.0,0.008771929824561403,0.0,0.012405382126079782,0.017543859649122806,0.0,0.012405382126079782,0.017543859649122806,0.0,0.012405382126079782
8.600000000000406,0.0,0.0,0.0,0.008771929824561403,0.0,0.012405382126079782,0.017543859649122806,0.0,0.012405382126079782,0.017543859649122806,0.0,0.012405382126079782
8.650000000000407,0.0,0.0,0.0,0.008771929824561403,0.0,0.012405382126079782,0.017543859649122806,0.0,0.012405382126079782,0.017543859649122806,0.0,0.012405382126079782
8.700000000000408,0.0,0.0,0.0,0.008771929824561403,0.0,0.012405382126079782,0.017543859649122806,0.0,0.012405382126079782,0.017543859649122806,0.0,0.012405382126079782
8.750000000000409,0.0,0.0,0.0,0.008771929824561403,0.0,0.012405382126079782,0.017543859649122806,0.0,0.012405382126079782,0.017543859649122806,0.0,0.012405382126079782
8.80000000000041,0.0,0.0,0.0,0.008771929824561403,0.0,0.012405382126079782,0.017543859649122806,0.0,0.012405382126079782,0.017543859649122806,0.0,0.012405382126079782
8.85000000000041,0.0,0.0,0.0,0.008771929824561403,0.0,0.012405382126079782,0.017543859649122806,0.0,0.012405382126079782,0.017543859649122806,0.0,0.012405382126079782
8.90000000000041,0.0,0.0,0.0,0.008771929824561403,0.0,0.012405382126079782,0.017543859649122806,0.0,0.012405382126079782,0.017543859649122806,0.0,0.012405382126079782
8.950000000000411,0.0,0.0,0.0,0.008771929824561403,0.0,0.012405382126079782,0.017543859649122806,0.0,0.012405382126079782,0.017543859649122806,0.0,0.012405382126079782
9.000000000000412,0.0,0.0,0.0,0.008771929824561403,0.0,0.012405382126079782,0.008771929824561403,0.0,0.012405382126079782,0.017543859649122806,0.0,0.012405382126079782
9.050000000000413,0.0,0.0,0.0,0.008771929824561403,0.0,0.012405382126079782,0.008771929824561403,0.0,0.012405382126079782,0.017543859649122806,0.0,0.012405382126079782
9.100000000000414,0.0,0.0,0.0,0.008771929824561403,0.0,0.012405382126079782,0.008771929824561403,0.0,0.012405382126079782,0.017543859649122806,0.0,0.012405382126079782
9.150000000000414,0.0,0.0,0.0,0.008771929824561403,0.0,0.012405382126079782,0.008771929824561403,0.0,0.012405382126079782,0.017543859649122806,0.0,0.012405382126079782
9.200000000000415,0.0,0.0,0.0,0.008771929824561403,0.0,0.012405382126079782,0.008771929824561403,0.0,0.012405382126079782,0.017543859649122806,0.0,0.012405382126079782
9.250000000000416,0.0,0.0,0.0,0.008771929824561403,0.0,0.012405382126079782,0.008771929824561403,0.0,0.012405382126079782,0.017543859649122806,0.0,0.012405382126079782
9.300000000000416,0.0,0.0,0.0,0.008771929824561403,0.0,0.012405382126079782,0.008771929824561403,0.0,0.012405382126079782,0.017543859649122806,0.0,0.012405382126079782
9.350000000000417,0.0,0.0,0.0,0.008771929824561403,0.0,0.012405382126079782,0.008771929824561403,0.0,0.012405382126079782,0.017543859649122806,0.0,0.012405382126079782
9.400000000000418,0.0,0.0,0.0,0.0,0.0,0.0,0.008771929824561403,0.0,0.012405382126079782,0.017543859649122806,0.0,0.012405382126079782
9.450000000000419,0.0,0.0,0.0,0.0,0.0,0.0,0.008771929824561403,0.0,0.012405382126079782,0.017543859649122806,0.0,0.012405382126079782
9.50000000000042,0.0,0.0,0.0,0.0,0.0,0.0,0.008771929824561403,0.0,0.012405382126079782,0.017543859649122806,0.0,0.012405382126079782
9.55000000000042,0.0,0.0,0.0,0.0,0.0,0.0,0.008771929824561403,0.0,0.012405382126079782,0.017543859649122806,0.0,0.012405382126079782
9.60000000000042,0.0,0.0,0.0,0.0,0.0,0.0,0.008771929824561403,0.0,0.012405382126079782,0.017543859649122806,0.0,0.012405382126079782
9.650000000000421,0.0,0.0,0.0,0.0,0.0,0.0,0.008771929824561403,0.0,0.012405382126079782,0.017543859649122806,0.0,0.012405382126079782
9.700000000000422,0.0,0.0,0.0,0.0,0.0,0.0,0.008771929824561403,0.0,0.012405382126079782,0.017543859649122806,0.0,0.012405382126079782
9.750000000000423,0.0,0.0,0.0,0.0,0.0,0.0,0.008771929824561403,0.0,0.012405382126079782,0.017543859649122806,0.0,0.012405382126079782
9.800000000000423,0.0,0.0,0.0,0.0,0.0,0.0,0.008771929824561403,0.0,0.012405382126079782,0.017543859649122806,0.0,0.012405382126079782
9.850000000000424,0.0,0.0,0.0,0.0,0.0,0.0,0.008771929824561403,0.0,0.012405382126079782,0.017543859649122806,0.0,0.012405382126079782
9.900000000000425,0.0,0.0,0.0,0.0,0.0,0.0,0.008771929824561403,0.0,0.012405382126079782,0.008771929824561403,0.0,0.012405382126079782
9.950000000000426,0.0,0.0,0.0,0.0,0.0,0.0,0.008771929824561403,0.0,0.012405382126079782,0.008771929824561403,0.0,0.012405382126079782
10.000000000000426,0.0,0.0,0.0,0.0,0.0,0.0,0.008771929824561403,0.0,0.012405382126079782,0.008771929824561403,0.0,0.012405382126079782
10.050000000000427,0.0,0.0,0.0,0.0,0.0,0.0,0.008771929824561403,0.0,0.012405382126079782,0.008771929824561403,0.0,0.012405382126079782
10.100000000000428,0.0,0.0,0.0,0.0,0.0,0.0,0.008771929824561403,0.0,0.012405382126079782,0.008771929824561403,0.0,0.012405382126079782
10.150000000000428,0.0,0.0,0.0,0.0,0.0,0.0,0.008771929824561403,0.0,0.012405382126079782,0.008771929824561403,0.0,0.012405382126079782
10.20000000000043,0.0,0.0,0.0,0.0,0.0,0.0,0.008771929824561403,0.0,0.012405382126079782,0.008771929824561403,0.0,0.012405382126079782
10.25000000000043,0.0,0.0,0.0,0.0,0.0,0.0,0.008771929824561403,0.0,0.012405382126079782,0.008771929824561403,0.0,0.012405382126079782
10.30000000000043,0.0,0.0,0.0,0.0,0.0,0.0,0.008771929824561403,0.0,0.012405382126079782,0.008771929824561403,0.0,0.012405382126079782
10.350000000000431,0.0,0.0,0.0,0.0,0.0,0.0,0.008771929824561403,0.0,0.012405382126079782,0.008771929824561403,0.0,0.012405382126079782
10.400000000000432,0.0,0.0,0.0,0.0,0.0,0.0,0.008771929824561403,0.0,0.012405382126079782,0.0,0.0,0.0
10.450000000000433,0.0,0.0,0.0,0.0,0.0,0.0,0.008771929824561403,0.0,0.012405382126079782,0.0,0.0,0.0
10.500000000000433,0.0,0.0,0.0,0.0,0.0,0.0,0.008771929824561403,0.0,0.012405382126079782,0.0,0.0,0.0
10.550000000000434,0.0,0.0,0.0,0.0,0.0,0.0,0.008771929824561403,0.0,0.012405382126079782,0.0,0.0,0.0
10.600000000000435,0.0,0.0,0.0,0.0,0.0,0.0,0.008771929824561403,0.0,0.012405382126079782,0.0,0.0,0.0
10.650000000000436,0.0,0.0,0.0,0.0,0.0,0.0,0.008771929824561403,0.0,0.012405382126079782,0.0,0.0,0.0
10.700000000000436,0.0,0.0,0.0,0.0,0.0,0.0,0.008771929824561403,0.0,0.012405382126079782,0.0,0.0,0.0
10.750000000000437,0.0,0.0,0.0,0.0,0.0,0.0,0.008771929824561403,0.0,0.012405382126079782,0.0,0.0,0.0
10.800000000000438,0.0,0.0,0.0,0.0,0.0,0.0,0.008771929824561403,0.0,0.012405382126079782,0.0,0.0,0.0
10.850000000000438,0.0,0.0,0.0,0.0,0.0,0.0,0.008771929824561403,0.0,0.012405382126079782,0.0,0.0,0.0
10.90000000000044,0.0,0.0,0.0,0.0,0.0,0.0,0.008771929824561403,0.0,0.012405382126079782,0.0,0.0,0.0
10.95000000000044,0.0,0.0,0.0,0.0,0.0,0.0,0.008771929824561403,0.0,0.012405382126079782,0.0,0.0,0.0
11.00000000000044,0.0,0.0,0.0,0.0,0.0,0.0,0.008771929824561403,0.0,0.012405382126079782,0.0,0.0,0.0
11.050000000000441,0.0,0.0,0.0,0.0,0.0,0.0,0.008771929824561403,0.0,0.012405382126079782,0.0,0.0,0.0
11.100000000000442,0.0,0.0,0.0,0.0,0.0,0.0,0.008771929824561403,0.0,0.012405382126079782,0.0,0.0,0.0
11.150000000000443,0.0,0.0,0.0,0.0,0.0,0.0,0.008771929824561403,0.0,0.012405382126079782,0.0,0.0,0.0
11.200000000000443,0.0,0.0,0.0,0.0,0.0,0.0,0.008771929824561403,0.0,0.012405382126079782,0.0,0.0,0.0
11.250000000000444,0.0,0.0,0.0,0.0,0.0,0.0,0.008771929824561403,0.0,0.012405382126079782,0.0,0.0,0.0
11.300000000000445,0.0,0.0,0.0,0.0,0.0,0.0,0.008771929824561403,0.0,0.012405382126079782,0.0,0.0,0.0
11.350000000000446,0.0,0.0,0.0,0.0,0.0,0.0,0.008771929824561403,0.0,0.012405382126079782,0.0,0.0,0.0
11.400000000000446,0.0,0.0,0.0,0.0,0.0,0.0,0.008771929824561403,0.0,0.012405382126079782,0.0,0.0,0.0
11.450000000000447,0.0,0.0,0.0,0.0,0.0,0.0,0.008771929824561403,0.0,0.012405382126079782,0.0,0.0,0.0
11.500000000000448,0.0,0.0,0.0,0.0,0.0,0.0,0.008771929824561403,0.0,0.012405382126079782,0.0,0.0,0.0
11.550000000000448,0.0,0.0,0.0,0.0,0.0,0.0,0.008771929824561403,0.0,0.012405382126079782,0.0,0.0,0.0
11.600000000000449,0.0,0.0,0.0,0.0,0.0,0.0,0.008771929824561403,0.0,0.012405382126079782,0.0,0.0,0.0
11.65000000000045,0.0,0.0,0.0,0.0,0.0,0.0,0.008771929824561403,0.0,0.012405382126079782,0.0,0.0,0.0
11.70000000000045,0.0,0.0,0.0,0.0,0.0,0.0,0.008771929824561403,0.0,0.012405382126079782,0.0,0.0,0.0
11.750000000000451,0.0,0.0,0.0,0.0,0.0,0.0,0.008771929824561403,0.0,0.012405382126079782,0.0,0.0,0.0
11.800000000000452,0.0,0.0,0.0,0.0,0.0,0.0,0.008771929824561403,0.0,0.012405382126079782,0.0,0.0,0.0
11.850000000000453,0.0,0.0,0.0,0.0,0.0,0.0,0.008771929824561403,0.0,0.012405382126079782,0.0,0.0,0.0
11.900000000000453,0.0,0.0,0.0,0.0,0.0,0.0,0.008771929824561403,0.0,0.012405382126079782,0.0,0.0,0.0
11.950000000000454,0.0,0.0,0.0,0.0,0.0,0.0,0.008771929824561403,0.0,0.012405382126079782,0.0,0.0,0.0
12.000000000000455,0.0,0.0,0.0,0.0,0.0,0.0,0.008771929824561403,0.0,0.012405382126079782,0.0,0.0,0.0
12.050000000000452,0.0,0.0,0.0,0.0,0.0,0.0,0.008771929824561403,0.0,0.012405382126079782,0.0,0.0,0.0
12.100000000000456,0.0,0.0,0.0,0.0,0.0,0.0,0.008771929824561403,0.0,0.012405382126079782,0.0,0.0,0.0
12.15000000000046,0.0,0.0,0.0,0.0,0.0,0.0,0.008771929824561403,0.0,0.012405382126079782,0.0,0.0,0.0
12.200000000000458,0.0,0.0,0.0,0.0,0.0,0.0,0.008771929824561403,0.0,0.012405382126079782,0.0,0.0,0.0
12.250000000000455,0.0,0.0,0.0,0.0,0.0,0.0,0.008771929824561403,0.0,0.012405382126079782,0.0,0.0,0.0
12.300000000000459,0.0,0.0,0.0,0.0,0.0,0.0,0.008771929824561403,0.0,0.012405382126079782,0.0,0.0,0.0
12.350000000000463,0.0,0.0,0.0,0.0,0.0,0.0,0.008771929824561403,0.0,0.012405382126079782,0.0,0.0,0.0
12.40000000000046,0.0,0.0,0.0,0.0,0.0,0.0,0.008771929824561403,0.0,0.012405382126079782,0.0,0.0,0.0
12.450000000000458,0.0,0.0,0.0,0.0,0.0,0.0,0.008771929824561403,0.0,0.012405382126079782,0.0,0.0,0.0
12.500000000000462,0.0,0.0,0.0,0.0,0.0,0.0,0.008771929824561403,0.0,0.012405382126079782,0.0,0.0,0.0
12.550000000000466,0.0,0.0,0.0,0.0,0.0,0.0,0.008771929824561403,0.0,0.012405382126079782,0.0,0.0,0.0
12.600000000000463,0.0,0.0,0.0,0.0,0.0,0.0,0.008771929824561403,0.0,0.012405382126079782,0.0,0.0,0.0
12.65000000000046,0.0,0.0,0.0,0.0,0.0,0.0,0.008771929824561403,0.0,0.012405382126079782,0.0,0.0,0.0
12.700000000000465,0.0,0.0,0.0,0.0,0.0,0.0,0.008771929824561403,0.0,0.012405382126079782,0.0,0.0,0.0
12.750000000000469,0.0,0.0,0.0,0.0,0.0,0.0,0.0,0.0,0.0,0.0,0.0,0.0
12.800000000000466,0.0,0.0,0.0,0.0,0.0,0.0,0.0,0.0,0.0,0.0,0.0,0.0
12.850000000000463,0.0,0.0,0.0,0.0,0.0,0.0,0.0,0.0,0.0,0.0,0.0,0.0
12.900000000000468,0.0,0.0,0.0,0.0,0.0,0.0,0.0,0.0,0.0,0.0,0.0,0.0
12.950000000000472,0.0,0.0,0.0,0.0,0.0,0.0,0.0,0.0,0.0,0.0,0.0,0.0
13.000000000000469,0.0,0.0,0.0,0.0,0.0,0.0,0.0,0.0,0.0,0.0,0.0,0.0
13.050000000000466,0.0,0.0,0.0,0.0,0.0,0.0,0.0,0.0,0.0,0.0,0.0,0.0
13.10000000000047,0.0,0.0,0.0,0.0,0.0,0.0,0.0,0.0,0.0,0.0,0.0,0.0
13.150000000000475,0.0,0.0,0.0,0.0,0.0,0.0,0.0,0.0,0.0,0.0,0.0,0.0
13.200000000000472,0.0,0.0,0.0,0.0,0.0,0.0,0.0,0.0,0.0,0.0,0.0,0.0
13.250000000000469,0.0,0.0,0.0,0.0,0.0,0.0,0.0,0.0,0.0,0.0,0.0,0.0
13.300000000000473,0.0,0.0,0.0,0.0,0.0,0.0,0.0,0.0,0.0,0.0,0.0,0.0
13.350000000000477,0.0,0.0,0.0,0.0,0.0,0.0,0.0,0.0,0.0,0.0,0.0,0.0
13.400000000000475,0.0,0.0,0.0,0.0,0.0,0.0,0.0,0.0,0.0,0.0,0.0,0.0
13.450000000000472,0.0,0.0,0.0,0.0,0.0,0.0,0.0,0.0,0.0,0.0,0.0,0.0
13.500000000000476,0.0,0.0,0.0,0.0,0.0,0.0,0.0,0.0,0.0,0.0,0.0,0.0
13.55000000000048,0.0,0.0,0.0,0.0,0.0,0.0,0.0,0.0,0.0,0.0,0.0,0.0
13.600000000000477,0.0,0.0,0.0,0.0,0.0,0.0,0.0,0.0,0.0,0.0,0.0,0.0
13.650000000000475,0.0,0.0,0.0,0.0,0.0,0.0,0.0,0.0,0.0,0.0,0.0,0.0
13.700000000000479,0.0,0.0,0.0,0.0,0.0,0.0,0.0,0.0,0.0,0.0,0.0,0.0
13.750000000000483,0.0,0.0,0.0,0.0,0.0,0.0,0.0,0.0,0.0,0.0,0.0,0.0
13.80000000000048,0.0,0.0,0.0,0.0,0.0,0.0,0.0,0.0,0.0,0.0,0.0,0.0
13.850000000000477,0.0,0.0,0.0,0.0,0.0,0.0,0.0,0.0,0.0,0.0,0.0,0.0
13.900000000000482,0.0,0.0,0.0,0.0,0.0,0.0,0.0,0.0,0.0,0.0,0.0,0.0
13.950000000000486,0.0,0.0,0.0,0.0,0.0,0.0,0.0,0.0,0.0,0.0,0.0,0.0
14.000000000000483,0.0,0.0,0.0,0.0,0.0,0.0,0.0,0.0,0.0,0.0,0.0,0.0
14.05000000000048,0.0,0.0,0.0,0.0,0.0,0.0,0.0,0.0,0.0,0.0,0.0,0.0
14.100000000000485,0.0,0.0,0.0,0.0,0.0,0.0,0.0,0.0,0.0,0.0,0.0,0.0
14.150000000000489,0.0,0.0,0.0,0.0,0.0,0.0,0.0,0.0,0.0,0.0,0.0,0.0
14.200000000000486,0.0,0.0,0.0,0.0,0.0,0.0,0.0,0.0,0.0,0.0,0.0,0.0
14.250000000000483,0.0,0.0,0.0,0.0,0.0,0.0,0.0,0.0,0.0,0.0,0.0,0.0
14.300000000000487,0.0,0.0,0.0,0.0,0.0,0.0,0.0,0.0,0.0,0.0,0.0,0.0
14.350000000000492,0.0,0.0,0.0,0.0,0.0,0.0,0.0,0.0,0.0,0.0,0.0,0.0
14.400000000000489,0.0,0.0,0.0,0.0,0.0,0.0,0.0,0.0,0.0,0.0,0.0,0.0
14.450000000000486,0.0,0.0,0.0,0.0,0.0,0.0,0.0,0.0,0.0,0.0,0.0,0.0
14.50000000000049,0.0,0.0,0.0,0.0,0.0,0.0,0.0,0.0,0.0,0.0,0.0,0.0
14.550000000000495,0.0,0.0,0.0,0.0,0.0,0.0,0.0,0.0,0.0,0.0,0.0,0.0
14.600000000000492,0.0,0.0,0.0,0.0,0.0,0.0,0.0,0.0,0.0,0.0,0.0,0.0
14.650000000000489,0.0,0.0,0.0,0.0,0.0,0.0,0.0,0.0,0.0,0.0,0.0,0.0
14.700000000000493,0.0,0.0,0.0,0.0,0.0,0.0,0.0,0.0,0.0,0.0,0.0,0.0
14.750000000000497,0.0,0.0,0.0,0.0,0.0,0.0,0.0,0.0,0.0,0.0,0.0,0.0
14.800000000000495,0.0,0.0,0.0,0.0,0.0,0.0,0.0,0.0,0.0,0.0,0.0,0.0
14.850000000000492,0.0,0.0,0.0,0.0,0.0,0.0,0.0,0.0,0.0,0.0,0.0,0.0
14.900000000000496,0.0,0.0,0.0,0.0,0.0,0.0,0.0,0.0,0.0,0.0,0.0,0.0
14.9500000000005,0.0,0.0,0.0,0.0,0.0,0.0,0.0,0.0,0.0,0.0,0.0,0.0
15.000000000000497,0.0,0.0,0.0,0.0,0.0,0.0,0.0,0.0,0.0,0.0,0.0,0.0
15.050000000000495,0.0,0.0,0.0,0.0,0.0,0.0,0.0,0.0,0.0,0.0,0.0,0.0
15.100000000000499,0.0,0.0,0.0,0.0,0.0,0.0,0.0,0.0,0.0,0.0,0.0,0.0
15.150000000000503,0.0,0.0,0.0,0.0,0.0,0.0,0.0,0.0,0.0,0.0,0.0,0.0
15.2000000000005,0.0,0.0,0.0,0.0,0.0,0.0,0.0,0.0,0.0,0.0,0.0,0.0
15.250000000000497,0.0,0.0,0.0,0.0,0.0,0.0,0.0,0.0,0.0,0.0,0.0,0.0
15.300000000000502,0.0,0.0,0.0,0.0,0.0,0.0,0.0,0.0,0.0,0.0,0.0,0.0
15.350000000000506,0.0,0.0,0.0,0.0,0.0,0.0,0.0,0.0,0.0,0.0,0.0,0.0
15.400000000000503,0.0,0.0,0.0,0.0,0.0,0.0,0.0,0.0,0.0,0.0,0.0,0.0
15.4500000000005,0.0,0.0,0.0,0.0,0.0,0.0,0.0,0.0,0.0,0.0,0.0,0.0
15.500000000000504,0.0,0.0,0.0,0.0,0.0,0.0,0.0,0.0,0.0,0.0,0.0,0.0
15.550000000000509,0.0,0.0,0.0,0.0,0.0,0.0,0.0,0.0,0.0,0.0,0.0,0.0
15.600000000000506,0.0,0.0,0.0,0.0,0.0,0.0,0.0,0.0,0.0,0.0,0.0,0.0
15.650000000000503,0.0,0.0,0.0,0.0,0.0,0.0,0.0,0.0,0.0,0.0,0.0,0.0
15.700000000000507,0.0,0.0,0.0,0.0,0.0,0.0,0.0,0.0,0.0,0.0,0.0,0.0
15.750000000000512,0.0,0.0,0.0,0.0,0.0,0.0,0.0,0.0,0.0,0.0,0.0,0.0
15.800000000000509,0.0,0.0,0.0,0.0,0.0,0.0,0.0,0.0,0.0,0.0,0.0,0.0
15.850000000000506,0.0,0.0,0.0,0.0,0.0,0.0,0.0,0.0,0.0,0.0,0.0,0.0
15.90000000000051,0.0,0.0,0.0,0.0,0.0,0.0,0.0,0.0,0.0,0.0,0.0,0.0
15.950000000000514,0.0,0.0,0.0,0.0,0.0,0.0,0.0,0.0,0.0,0.0,0.0,0.0
16.00000000000051,0.0,0.0,0.0,0.0,0.0,0.0,0.0,0.0,0.0,0.0,0.0,0.0
16.05000000000051,0.0,0.0,0.0,0.0,0.0,0.0,0.0,0.0,0.0,0.0,0.0,0.0
16.100000000000513,0.0,0.0,0.0,0.0,0.0,0.0,0.0,0.0,0.0,0.0,0.0,0.0
16.150000000000517,0.0,0.0,0.0,0.0,0.0,0.0,0.0,0.0,0.0,0.0,0.0,0.0
16.200000000000514,0.0,0.0,0.0,0.0,0.0,0.0,0.0,0.0,0.0,0.0,0.0,0.0
16.25000000000051,0.0,0.0,0.0,0.0,0.0,0.0,0.0,0.0,0.0,0.0,0.0,0.0
16.300000000000516,0.0,0.0,0.0,0.0,0.0,0.0,0.0,0.0,0.0,0.0,0.0,0.0
16.35000000000052,0.0,0.0,0.0,0.0,0.0,0.0,0.0,0.0,0.0,0.0,0.0,0.0
16.400000000000517,0.0,0.0,0.0,0.0,0.0,0.0,0.0,0.0,0.0,0.0,0.0,0.0
16.450000000000514,0.0,0.0,0.0,0.0,0.0,0.0,0.0,0.0,0.0,0.0,0.0,0.0
16.50000000000052,0.0,0.0,0.0,0.0,0.0,0.0,0.0,0.0,0.0,0.0,0.0,0.0
16.550000000000523,0.0,0.0,0.0,0.0,0.0,0.0,0.0,0.0,0.0,0.0,0.0,0.0
16.60000000000052,0.0,0.0,0.0,0.0,0.0,0.0,0.0,0.0,0.0,0.0,0.0,0.0
16.650000000000517,0.0,0.0,0.0,0.0,0.0,0.0,0.0,0.0,0.0,0.0,0.0,0.0
16.70000000000052,0.0,0.0,0.0,0.0,0.0,0.0,0.0,0.0,0.0,0.0,0.0,0.0
16.750000000000526,0.0,0.0,0.0,0.0,0.0,0.0,0.0,0.0,0.0,0.0,0.0,0.0
16.800000000000523,0.0,0.0,0.0,0.0,0.0,0.0,0.0,0.0,0.0,0.0,0.0,0.0
16.85000000000052,0.0,0.0,0.0,0.0,0.0,0.0,0.0,0.0,0.0,0.0,0.0,0.0
16.900000000000524,0.0,0.0,0.0,0.0,0.0,0.0,0.0,0.0,0.0,0.0,0.0,0.0
16.95000000000053,0.0,0.0,0.0,0.0,0.0,0.0,0.0,0.0,0.0,0.0,0.0,0.0
17.000000000000526,0.0,0.0,0.0,0.0,0.0,0.0,0.0,0.0,0.0,0.0,0.0,0.0
17.050000000000523,0.0,0.0,0.0,0.0,0.0,0.0,0.0,0.0,0.0,0.0,0.0,0.0
17.100000000000527,0.0,0.0,0.0,0.0,0.0,0.0,0.0,0.0,0.0,0.0,0.0,0.0
17.15000000000053,0.0,0.0,0.0,0.0,0.0,0.0,0.0,0.0,0.0,0.0,0.0,0.0
17.20000000000053,0.0,0.0,0.0,0.0,0.0,0.0,0.0,0.0,0.0,0.0,0.0,0.0
17.250000000000526,0.0,0.0,0.0,0.0,0.0,0.0,0.0,0.0,0.0,0.0,0.0,0.0
17.30000000000053,0.0,0.0,0.0,0.0,0.0,0.0,0.0,0.0,0.0,0.0,0.0,0.0
17.350000000000534,0.0,0.0,0.0,0.0,0.0,0.0,0.0,0.0,0.0,0.0,0.0,0.0
17.40000000000053,0.0,0.0,0.0,0.0,0.0,0.0,0.0,0.0,0.0,0.0,0.0,0.0
17.45000000000053,0.0,0.0,0.0,0.0,0.0,0.0,0.0,0.0,0.0,0.0,0.0,0.0
17.500000000000533,0.0,0.0,0.0,0.0,0.0,0.0,0.0,0.0,0.0,0.0,0.0,0.0
17.550000000000537,0.0,0.0,0.0,0.0,0.0,0.0,0.0,0.0,0.0,0.0,0.0,0.0
17.600000000000534,0.0,0.0,0.0,0.0,0.0,0.0,0.0,0.0,0.0,0.0,0.0,0.0
17.65000000000053,0.0,0.0,0.0,0.0,0.0,0.0,0.0,0.0,0.0,0.0,0.0,0.0
17.700000000000536,0.0,0.0,0.0,0.0,0.0,0.0,0.0,0.0,0.0,0.0,0.0,0.0
17.75000000000054,0.0,0.0,0.0,0.0,0.0,0.0,0.0,0.0,0.0,0.0,0.0,0.0
17.800000000000537,0.0,0.0,0.0,0.0,0.0,0.0,0.0,0.0,0.0,0.0,0.0,0.0
17.850000000000534,0.0,0.0,0.0,0.0,0.0,0.0,0.0,0.0,0.0,0.0,0.0,0.0
17.90000000000054,0.0,0.0,0.0,0.0,0.0,0.0,0.0,0.0,0.0,0.0,0.0,0.0
17.950000000000543,0.0,0.0,0.0,0.0,0.0,0.0,0.0,0.0,0.0,0.0,0.0,0.0
18.00000000000054,0.0,0.0,0.0,0.0,0.0,0.0,0.0,0.0,0.0,0.0,0.0,0.0
18.050000000000537,0.0,0.0,0.0,0.0,0.0,0.0,0.0,0.0,0.0,0.0,0.0,0.0
18.10000000000054,0.0,0.0,0.0,0.0,0.0,0.0,0.0,0.0,0.0,0.0,0.0,0.0
18.150000000000546,0.0,0.0,0.0,0.0,0.0,0.0,0.0,0.0,0.0,0.0,0.0,0.0
18.200000000000543,0.0,0.0,0.0,0.0,0.0,0.0,0.0,0.0,0.0,0.0,0.0,0.0
18.25000000000054,0.0,0.0,0.0,0.0,0.0,0.0,0.0,0.0,0.0,0.0,0.0,0.0
18.300000000000544,0.0,0.0,0.0,0.0,0.0,0.0,0.0,0.0,0.0,0.0,0.0,0.0
18.35000000000055,0.0,0.0,0.0,0.0,0.0,0.0,0.0,0.0,0.0,0.0,0.0,0.0
18.400000000000546,0.0,0.0,0.0,0.0,0.0,0.0,0.0,0.0,0.0,0.0,0.0,0.0
18.450000000000543,0.0,0.0,0.0,0.0,0.0,0.0,0.0,0.0,0.0,0.0,0.0,0.0
18.500000000000547,0.0,0.0,0.0,0.0,0.0,0.0,0.0,0.0,0.0,0.0,0.0,0.0
18.55000000000055,0.0,0.0,0.0,0.0,0.0,0.0,0.0,0.0,0.0,0.0,0.0,0.0
18.60000000000055,0.0,0.0,0.0,0.0,0.0,0.0,0.0,0.0,0.0,0.0,0.0,0.0
18.650000000000546,0.0,0.0,0.0,0.0,0.0,0.0,0.0,0.0,0.0,0.0,0.0,0.0
18.70000000000055,0.0,0.0,0.0,0.0,0.0,0.0,0.0,0.0,0.0,0.0,0.0,0.0
18.750000000000554,0.0,0.0,0.0,0.0,0.0,0.0,0.0,0.0,0.0,0.0,0.0,0.0
18.80000000000055,0.0,0.0,0.0,0.0,0.0,0.0,0.0,0.0,0.0,0.0,0.0,0.0
18.85000000000055,0.0,0.0,0.0,0.0,0.0,0.0,0.0,0.0,0.0,0.0,0.0,0.0
18.900000000000553,0.0,0.0,0.0,0.0,0.0,0.0,0.0,0.0,0.0,0.0,0.0,0.0
18.950000000000557,0.0,0.0,0.0,0.0,0.0,0.0,0.0,0.0,0.0,0.0,0.0,0.0
19.000000000000554,0.0,0.0,0.0,0.0,0.0,0.0,0.0,0.0,0.0,0.0,0.0,0.0
19.05000000000055,0.0,0.0,0.0,0.0,0.0,0.0,0.0,0.0,0.0,0.0,0.0,0.0
19.100000000000556,0.0,0.0,0.0,0.0,0.0,0.0,0.0,0.0,0.0,0.0,0.0,0.0
19.15000000000056,0.0,0.0,0.0,0.0,0.0,0.0,0.0,0.0,0.0,0.0,0.0,0.0
19.200000000000557,0.0,0.0,0.0,0.0,0.0,0.0,0.0,0.0,0.0,0.0,0.0,0.0
19.250000000000554,0.0,0.0,0.0,0.0,0.0,0.0,0.0,0.0,0.0,0.0,0.0,0.0
19.30000000000056,0.0,0.0,0.0,0.0,0.0,0.0,0.0,0.0,0.0,0.0,0.0,0.0
19.350000000000563,0.0,0.0,0.0,0.0,0.0,0.0,0.0,0.0,0.0,0.0,0.0,0.0
19.40000000000056,0.0,0.0,0.0,0.0,0.0,0.0,0.0,0.0,0.0,0.0,0.0,0.0
19.450000000000557,0.0,0.0,0.0,0.0,0.0,0.0,0.0,0.0,0.0,0.0,0.0,0.0
19.50000000000056,0.0,0.0,0.0,0.0,0.0,0.0,0.0,0.0,0.0,0.0,0.0,0.0
19.550000000000566,0.0,0.0,0.0,0.0,0.0,0.0,0.0,0.0,0.0,0.0,0.0,0.0
19.600000000000563,0.0,0.0,0.0,0.0,0.0,0.0,0.0,0.0,0.0,0.0,0.0,0.0
19.65000000000056,0.0,0.0,0.0,0.0,0.0,0.0,0.0,0.0,0.0,0.0,0.0,0.0
19.700000000000564,0.0,0.0,0.0,0.0,0.0,0.0,0.0,0.0,0.0,0.0,0.0,0.0
19.75000000000057,0.0,0.0,0.0,0.0,0.0,0.0,0.0,0.0,0.0,0.0,0.0,0.0
19.800000000000566,0.0,0.0,0.0,0.0,0.0,0.0,0.0,0.0,0.0,0.0,0.0,0.0
19.850000000000563,0.0,0.0,0.0,0.0,0.0,0.0,0.0,0.0,0.0,0.0,0.0,0.0
19.900000000000567,0.0,0.0,0.0,0.0,0.0,0.0,0.0,0.0,0.0,0.0,0.0,0.0
19.95000000000057,0.0,0.0,0.0,0.0,0.0,0.0,0.0,0.0,0.0,0.0,0.0,0.0
