Penalty,0.1,0.1,0.1,0.2,0.2,0.2,0.5,0.5,0.5,1.0,1.0,1.0
Distance,TPR,FPR,STD-tpr,TPR,FPR,STD-tpr,TPR,FPR,STD-tpr,TPR,FPR,STD-tpr
-20.0,1.0,1.0,0.0,1.0,1.0,0.0,1.0,1.0,0.0,1.0,1.0,0.0
-19.95,1.0,1.0,0.0,1.0,1.0,0.0,1.0,1.0,0.0,1.0,1.0,0.0
-19.9,1.0,1.0,0.0,1.0,1.0,0.0,1.0,1.0,0.0,1.0,1.0,0.0
-19.849999999999998,1.0,1.0,0.0,1.0,1.0,0.0,1.0,1.0,0.0,1.0,1.0,0.0
-19.799999999999997,1.0,1.0,0.0,1.0,1.0,0.0,1.0,1.0,0.0,1.0,1.0,0.0
-19.749999999999996,1.0,1.0,0.0,1.0,1.0,0.0,1.0,1.0,0.0,1.0,1.0,0.0
-19.699999999999996,1.0,1.0,0.0,1.0,1.0,0.0,1.0,1.0,0.0,1.0,1.0,0.0
-19.649999999999995,1.0,1.0,0.0,1.0,1.0,0.0,1.0,1.0,0.0,1.0,1.0,0.0
-19.599999999999994,1.0,1.0,0.0,1.0,1.0,0.0,1.0,1.0,0.0,1.0,1.0,0.0
-19.549999999999994,1.0,1.0,0.0,1.0,1.0,0.0,1.0,1.0,0.0,1.0,1.0,0.0
-19.499999999999993,1.0,1.0,0.0,1.0,1.0,0.0,1.0,1.0,0.0,1.0,1.0,0.0
-19.449999999999992,1.0,1.0,0.0,1.0,1.0,0.0,1.0,1.0,0.0,1.0,1.0,0.0
-19.39999999999999,1.0,1.0,0.0,1.0,1.0,0.0,1.0,1.0,0.0,1.0,1.0,0.0
-19.34999999999999,1.0,1.0,0.0,1.0,1.0,0.0,1.0,1.0,0.0,1.0,1.0,0.0
-19.29999999999999,1.0,1.0,0.0,1.0,1.0,0.0,1.0,1.0,0.0,1.0,1.0,0.0
-19.24999999999999,1.0,1.0,0.0,1.0,1.0,0.0,1.0,1.0,0.0,1.0,1.0,0.0
-19.19999999999999,1.0,1.0,0.0,1.0,1.0,0.0,1.0,1.0,0.0,1.0,1.0,0.0
-19.149999999999988,1.0,1.0,0.0,1.0,1.0,0.0,1.0,1.0,0.0,1.0,1.0,0.0
-19.099999999999987,1.0,1.0,0.0,1.0,1.0,0.0,1.0,1.0,0.0,1.0,1.0,0.0
-19.049999999999986,1.0,1.0,0.0,1.0,1.0,0.0,1.0,1.0,0.0,1.0,1.0,0.0
-18.999999999999986,1.0,1.0,0.0,1.0,1.0,0.0,1.0,1.0,0.0,1.0,1.0,0.0
-18.949999999999985,1.0,1.0,0.0,1.0,1.0,0.0,1.0,1.0,0.0,1.0,1.0,0.0
-18.899999999999984,1.0,1.0,0.0,1.0,1.0,0.0,1.0,1.0,0.0,1.0,1.0,0.0
-18.849999999999984,1.0,1.0,0.0,1.0,1.0,0.0,1.0,1.0,0.0,1.0,1.0,0.0
-18.799999999999983,1.0,1.0,0.0,1.0,1.0,0.0,1.0,1.0,0.0,1.0,1.0,0.0
-18.749999999999982,1.0,1.0,0.0,1.0,1.0,0.0,1.0,1.0,0.0,1.0,1.0,0.0
-18.69999999999998,1.0,1.0,0.0,1.0,1.0,0.0,1.0,1.0,0.0,1.0,1.0,0.0
-18.64999999999998,1.0,1.0,0.0,1.0,1.0,0.0,1.0,1.0,0.0,1.0,1.0,0.0
-18.59999999999998,1.0,1.0,0.0,1.0,1.0,0.0,1.0,1.0,0.0,1.0,1.0,0.0
-18.54999999999998,1.0,1.0,0.0,1.0,1.0,0.0,1.0,1.0,0.0,1.0,1.0,0.0
-18.49999999999998,1.0,1.0,0.0,1.0,1.0,0.0,1.0,1.0,0.0,1.0,1.0,0.0
-18.449999999999978,1.0,1.0,0.0,1.0,1.0,0.0,1.0,1.0,0.0,1.0,1.0,0.0
-18.399999999999977,1.0,1.0,0.0,1.0,1.0,0.0,1.0,1.0,0.0,1.0,1.0,0.0
-18.349999999999977,1.0,1.0,0.0,1.0,1.0,0.0,1.0,1.0,0.0,1.0,1.0,0.0
-18.299999999999976,1.0,1.0,0.0,1.0,1.0,0.0,1.0,1.0,0.0,1.0,1.0,0.0
-18.249999999999975,1.0,1.0,0.0,1.0,1.0,0.0,1.0,1.0,0.0,1.0,1.0,0.0
-18.199999999999974,1.0,1.0,0.0,1.0,1.0,0.0,1.0,1.0,0.0,1.0,1.0,0.0
-18.149999999999974,1.0,1.0,0.0,1.0,1.0,0.0,1.0,1.0,0.0,1.0,1.0,0.0
-18.099999999999973,1.0,1.0,0.0,1.0,1.0,0.0,1.0,1.0,0.0,1.0,1.0,0.0
-18.049999999999972,1.0,1.0,0.0,1.0,1.0,0.0,1.0,1.0,0.0,1.0,1.0,0.0
-17.99999999999997,1.0,1.0,0.0,1.0,1.0,0.0,1.0,1.0,0.0,1.0,1.0,0.0
-17.94999999999997,1.0,1.0,0.0,1.0,1.0,0.0,1.0,1.0,0.0,1.0,1.0,0.0
-17.89999999999997,1.0,1.0,0.0,1.0,1.0,0.0,1.0,1.0,0.0,1.0,1.0,0.0
-17.84999999999997,1.0,1.0,0.0,1.0,1.0,0.0,1.0,1.0,0.0,1.0,1.0,0.0
-17.79999999999997,1.0,1.0,0.0,1.0,1.0,0.0,1.0,1.0,0.0,1.0,1.0,0.0
-17.749999999999968,1.0,1.0,0.0,1.0,1.0,0.0,1.0,1.0,0.0,1.0,1.0,0.0
-17.699999999999967,1.0,1.0,0.0,1.0,1.0,0.0,1.0,1.0,0.0,1.0,1.0,0.0
-17.649999999999967,1.0,1.0,0.0,1.0,1.0,0.0,1.0,1.0,0.0,1.0,1.0,0.0
-17.599999999999966,1.0,1.0,0.0,1.0,1.0,0.0,1.0,1.0,0.0,1.0,1.0,0.0
-17.549999999999965,1.0,1.0,0.0,1.0,1.0,0.0,1.0,1.0,0.0,1.0,1.0,0.0
-17.499999999999964,1.0,1.0,0.0,1.0,1.0,0.0,1.0,1.0,0.0,1.0,1.0,0.0
-17.449999999999964,1.0,1.0,0.0,1.0,1.0,0.0,1.0,1.0,0.0,1.0,1.0,0.0
-17.399999999999963,1.0,1.0,0.0,1.0,1.0,0.0,1.0,1.0,0.0,1.0,1.0,0.0
-17.349999999999962,1.0,1.0,0.0,1.0,1.0,0.0,1.0,1.0,0.0,1.0,1.0,0.0
-17.29999999999996,1.0,1.0,0.0,1.0,1.0,0.0,1.0,1.0,0.0,1.0,1.0,0.0
-17.24999999999996,1.0,1.0,0.0,1.0,1.0,0.0,1.0,1.0,0.0,1.0,1.0,0.0
-17.19999999999996,1.0,1.0,0.0,1.0,1.0,0.0,1.0,1.0,0.0,1.0,1.0,0.0
-17.14999999999996,1.0,1.0,0.0,1.0,1.0,0.0,1.0,1.0,0.0,1.0,1.0,0.0
-17.09999999999996,1.0,1.0,0.0,1.0,1.0,0.0,1.0,1.0,0.0,1.0,1.0,0.0
-17.049999999999958,1.0,1.0,0.0,1.0,1.0,0.0,1.0,1.0,0.0,1.0,1.0,0.0
-16.999999999999957,1.0,1.0,0.0,1.0,1.0,0.0,1.0,1.0,0.0,1.0,1.0,0.0
-16.949999999999957,1.0,1.0,0.0,1.0,1.0,0.0,1.0,1.0,0.0,1.0,1.0,0.0
-16.899999999999956,1.0,1.0,0.0,1.0,1.0,0.0,1.0,1.0,0.0,1.0,1.0,0.0
-16.849999999999955,1.0,1.0,0.0,1.0,1.0,0.0,1.0,1.0,0.0,1.0,1.0,0.0
-16.799999999999955,1.0,1.0,0.0,1.0,1.0,0.0,1.0,1.0,0.0,1.0,1.0,0.0
-16.749999999999954,1.0,1.0,0.0,1.0,1.0,0.0,1.0,1.0,0.0,1.0,1.0,0.0
-16.699999999999953,1.0,1.0,0.0,1.0,1.0,0.0,1.0,1.0,0.0,1.0,1.0,0.0
-16.649999999999952,1.0,1.0,0.0,1.0,1.0,0.0,1.0,1.0,0.0,1.0,1.0,0.0
-16.59999999999995,1.0,1.0,0.0,1.0,1.0,0.0,1.0,1.0,0.0,1.0,1.0,0.0
-16.54999999999995,1.0,1.0,0.0,1.0,1.0,0.0,1.0,1.0,0.0,1.0,1.0,0.0
-16.49999999999995,1.0,1.0,0.0,1.0,1.0,0.0,1.0,1.0,0.0,1.0,1.0,0.0
-16.44999999999995,1.0,1.0,0.0,1.0,1.0,0.0,1.0,1.0,0.0,1.0,1.0,0.0
-16.39999999999995,1.0,1.0,0.0,1.0,1.0,0.0,1.0,1.0,0.0,1.0,1.0,0.0
-16.349999999999948,1.0,1.0,0.0,1.0,1.0,0.0,1.0,1.0,0.0,1.0,1.0,0.0
-16.299999999999947,1.0,1.0,0.0,1.0,1.0,0.0,1.0,1.0,0.0,1.0,1.0,0.0
-16.249999999999947,1.0,1.0,0.0,1.0,1.0,0.0,1.0,1.0,0.0,1.0,1.0,0.0
-16.199999999999946,1.0,1.0,0.0,1.0,1.0,0.0,1.0,1.0,0.0,1.0,1.0,0.0
-16.149999999999945,1.0,1.0,0.0,1.0,1.0,0.0,1.0,1.0,0.0,1.0,1.0,0.0
-16.099999999999945,1.0,1.0,0.0,1.0,1.0,0.0,1.0,1.0,0.0,1.0,1.0,0.0
-16.049999999999944,1.0,1.0,0.0,1.0,1.0,0.0,1.0,1.0,0.0,1.0,1.0,0.0
-15.999999999999943,1.0,1.0,0.0,1.0,1.0,0.0,1.0,1.0,0.0,1.0,1.0,0.0
-15.949999999999942,1.0,1.0,0.0,1.0,1.0,0.0,1.0,1.0,0.0,1.0,1.0,0.0
-15.899999999999942,1.0,1.0,0.0,1.0,1.0,0.0,1.0,1.0,0.0,1.0,1.0,0.0
-15.849999999999941,1.0,1.0,0.0,1.0,1.0,0.0,1.0,1.0,0.0,1.0,1.0,0.0
-15.79999999999994,1.0,1.0,0.0,1.0,1.0,0.0,1.0,1.0,0.0,1.0,1.0,0.0
-15.74999999999994,1.0,1.0,0.0,1.0,1.0,0.0,1.0,1.0,0.0,1.0,1.0,0.0
-15.699999999999939,1.0,1.0,0.0,1.0,1.0,0.0,1.0,1.0,0.0,1.0,1.0,0.0
-15.649999999999938,1.0,1.0,0.0,1.0,1.0,0.0,1.0,1.0,0.0,1.0,1.0,0.0
-15.599999999999937,1.0,1.0,0.0,1.0,1.0,0.0,1.0,1.0,0.0,1.0,1.0,0.0
-15.549999999999937,1.0,1.0,0.0,1.0,1.0,0.0,1.0,1.0,0.0,1.0,1.0,0.0
-15.499999999999936,1.0,1.0,0.0,1.0,1.0,0.0,1.0,1.0,0.0,1.0,1.0,0.0
-15.449999999999935,1.0,1.0,0.0,1.0,1.0,0.0,1.0,1.0,0.0,1.0,1.0,0.0
-15.399999999999935,1.0,1.0,0.0,1.0,1.0,0.0,1.0,1.0,0.0,1.0,1.0,0.0
-15.349999999999934,1.0,1.0,0.0,1.0,1.0,0.0,1.0,1.0,0.0,1.0,1.0,0.0
-15.299999999999933,1.0,1.0,0.0,1.0,1.0,0.0,1.0,1.0,0.0,1.0,1.0,0.0
-15.249999999999932,1.0,1.0,0.0,1.0,1.0,0.0,1.0,1.0,0.0,1.0,1.0,0.0
-15.199999999999932,1.0,1.0,0.0,1.0,1.0,0.0,1.0,1.0,0.0,1.0,1.0,0.0
-15.149999999999931,1.0,1.0,0.0,1.0,1.0,0.0,1.0,1.0,0.0,1.0,1.0,0.0
-15.09999999999993,1.0,1.0,0.0,1.0,1.0,0.0,1.0,1.0,0.0,1.0,1.0,0.0
-15.04999999999993,1.0,1.0,0.0,1.0,1.0,0.0,1.0,1.0,0.0,1.0,1.0,0.0
-14.999999999999929,1.0,1.0,0.0,1.0,1.0,0.0,1.0,1.0,0.0,1.0,1.0,0.0
-14.949999999999928,1.0,1.0,0.0,1.0,1.0,0.0,1.0,1.0,0.0,1.0,1.0,0.0
-14.899999999999928,1.0,1.0,0.0,1.0,1.0,0.0,1.0,1.0,0.0,1.0,1.0,0.0
-14.849999999999927,1.0,1.0,0.0,1.0,1.0,0.0,1.0,1.0,0.0,1.0,1.0,0.0
-14.799999999999926,1.0,1.0,0.0,1.0,1.0,0.0,1.0,1.0,0.0,1.0,1.0,0.0
-14.749999999999925,1.0,1.0,0.0,1.0,1.0,0.0,1.0,1.0,0.0,1.0,1.0,0.0
-14.699999999999925,1.0,1.0,0.0,1.0,1.0,0.0,1.0,1.0,0.0,1.0,1.0,0.0
-14.649999999999924,1.0,1.0,0.0,1.0,1.0,0.0,1.0,1.0,0.0,1.0,1.0,0.0
-14.599999999999923,1.0,1.0,0.0,1.0,1.0,0.0,1.0,1.0,0.0,1.0,1.0,0.0
-14.549999999999923,1.0,1.0,0.0,1.0,1.0,0.0,1.0,1.0,0.0,1.0,1.0,0.0
-14.499999999999922,1.0,1.0,0.0,1.0,1.0,0.0,1.0,1.0,0.0,1.0,1.0,0.0
-14.449999999999921,1.0,1.0,0.0,1.0,1.0,0.0,1.0,1.0,0.0,1.0,1.0,0.0
-14.39999999999992,1.0,1.0,0.0,1.0,1.0,0.0,1.0,1.0,0.0,1.0,1.0,0.0
-14.34999999999992,1.0,1.0,0.0,1.0,1.0,0.0,1.0,1.0,0.0,1.0,1.0,0.0
-14.299999999999919,1.0,1.0,0.0,1.0,1.0,0.0,1.0,1.0,0.0,1.0,1.0,0.0
-14.249999999999918,1.0,1.0,0.0,1.0,1.0,0.0,1.0,1.0,0.0,1.0,1.0,0.0
-14.199999999999918,1.0,1.0,0.0,1.0,1.0,0.0,1.0,1.0,0.0,1.0,1.0,0.0
-14.149999999999917,1.0,1.0,0.0,1.0,1.0,0.0,1.0,1.0,0.0,1.0,1.0,0.0
-14.099999999999916,1.0,1.0,0.0,1.0,1.0,0.0,1.0,1.0,0.0,1.0,1.0,0.0
-14.049999999999915,1.0,1.0,0.0,1.0,1.0,0.0,1.0,1.0,0.0,1.0,1.0,0.0
-13.999999999999915,1.0,1.0,0.0,1.0,1.0,0.0,1.0,1.0,0.0,1.0,1.0,0.0
-13.949999999999914,1.0,1.0,0.0,1.0,1.0,0.0,1.0,1.0,0.0,1.0,1.0,0.0
-13.899999999999913,1.0,1.0,0.0,1.0,1.0,0.0,1.0,1.0,0.0,1.0,1.0,0.0
-13.849999999999913,1.0,1.0,0.0,1.0,1.0,0.0,1.0,1.0,0.0,1.0,1.0,0.0
-13.799999999999912,1.0,1.0,0.0,1.0,1.0,0.0,1.0,1.0,0.0,1.0,1.0,0.0
-13.749999999999911,1.0,1.0,0.0,1.0,1.0,0.0,1.0,1.0,0.0,1.0,1.0,0.0
-13.69999999999991,1.0,1.0,0.0,1.0,1.0,0.0,1.0,1.0,0.0,1.0,1.0,0.0
-13.64999999999991,1.0,1.0,0.0,1.0,1.0,0.0,1.0,1.0,0.0,1.0,1.0,0.0
-13.599999999999909,1.0,1.0,0.0,1.0,1.0,0.0,1.0,1.0,0.0,1.0,1.0,0.0
-13.549999999999908,1.0,1.0,0.0,1.0,1.0,0.0,1.0,1.0,0.0,1.0,1.0,0.0
-13.499999999999908,1.0,1.0,0.0,1.0,1.0,0.0,1.0,1.0,0.0,1.0,1.0,0.0
-13.449999999999907,1.0,1.0,0.0,1.0,1.0,0.0,1.0,1.0,0.0,1.0,1.0,0.0
-13.399999999999906,1.0,1.0,0.0,1.0,1.0,0.0,1.0,1.0,0.0,1.0,1.0,0.0
-13.349999999999905,1.0,1.0,0.0,1.0,1.0,0.0,1.0,1.0,0.0,1.0,1.0,0.0
-13.299999999999905,1.0,1.0,0.0,1.0,1.0,0.0,1.0,1.0,0.0,1.0,1.0,0.0
-13.249999999999904,1.0,1.0,0.0,1.0,1.0,0.0,1.0,1.0,0.0,1.0,1.0,0.0
-13.199999999999903,1.0,1.0,0.0,1.0,1.0,0.0,1.0,1.0,0.0,1.0,1.0,0.0
-13.149999999999903,1.0,1.0,0.0,1.0,1.0,0.0,1.0,1.0,0.0,1.0,1.0,0.0
-13.099999999999902,1.0,1.0,0.0,1.0,1.0,0.0,1.0,1.0,0.0,1.0,1.0,0.0
-13.049999999999901,1.0,1.0,0.0,1.0,1.0,0.0,1.0,1.0,0.0,1.0,1.0,0.0
-12.9999999999999,1.0,1.0,0.0,1.0,1.0,0.0,1.0,1.0,0.0,1.0,1.0,0.0
-12.9499999999999,1.0,1.0,0.0,1.0,1.0,0.0,1.0,1.0,0.0,1.0,1.0,0.0
-12.899999999999899,1.0,1.0,0.0,1.0,1.0,0.0,1.0,1.0,0.0,1.0,1.0,0.0
-12.849999999999898,1.0,1.0,0.0,1.0,1.0,0.0,1.0,1.0,0.0,1.0,1.0,0.0
-12.799999999999898,1.0,1.0,0.0,1.0,1.0,0.0,1.0,1.0,0.0,1.0,1.0,0.0
-12.749999999999897,1.0,1.0,0.0,1.0,1.0,0.0,1.0,1.0,0.0,1.0,1.0,0.0
-12.699999999999896,1.0,1.0,0.0,1.0,1.0,0.0,1.0,1.0,0.0,1.0,1.0,0.0
-12.649999999999896,1.0,1.0,0.0,1.0,1.0,0.0,1.0,1.0,0.0,1.0,1.0,0.0
-12.599999999999895,1.0,1.0,0.0,1.0,1.0,0.0,1.0,1.0,0.0,1.0,1.0,0.0
-12.549999999999894,1.0,1.0,0.0,1.0,1.0,0.0,1.0,1.0,0.0,1.0,1.0,0.0
-12.499999999999893,1.0,1.0,0.0,1.0,1.0,0.0,1.0,1.0,0.0,1.0,1.0,0.0
-12.449999999999893,1.0,1.0,0.0,1.0,1.0,0.0,1.0,1.0,0.0,1.0,1.0,0.0
-12.399999999999892,1.0,1.0,0.0,1.0,1.0,0.0,1.0,1.0,0.0,1.0,1.0,0.0
-12.349999999999891,1.0,1.0,0.0,1.0,1.0,0.0,1.0,1.0,0.0,1.0,1.0,0.0
-12.29999999999989,1.0,1.0,0.0,1.0,1.0,0.0,1.0,1.0,0.0,1.0,1.0,0.0
-12.24999999999989,1.0,1.0,0.0,1.0,1.0,0.0,1.0,1.0,0.0,1.0,1.0,0.0
-12.19999999999989,1.0,1.0,0.0,1.0,1.0,0.0,1.0,1.0,0.0,1.0,1.0,0.0
-12.149999999999888,1.0,1.0,0.0,1.0,1.0,0.0,1.0,1.0,0.0,1.0,1.0,0.0
-12.099999999999888,1.0,1.0,0.0,1.0,1.0,0.0,1.0,1.0,0.0,1.0,1.0,0.0
-12.049999999999887,1.0,1.0,0.0,1.0,1.0,0.0,1.0,1.0,0.0,1.0,1.0,0.0
-11.999999999999886,1.0,1.0,0.0,1.0,1.0,0.0,1.0,1.0,0.0,1.0,1.0,0.0
-11.949999999999886,1.0,1.0,0.0,1.0,1.0,0.0,1.0,1.0,0.0,1.0,1.0,0.0
-11.899999999999885,1.0,1.0,0.0,1.0,1.0,0.0,1.0,1.0,0.0,1.0,1.0,0.0
-11.849999999999884,1.0,1.0,0.0,1.0,1.0,0.0,1.0,1.0,0.0,1.0,1.0,0.0
-11.799999999999883,1.0,1.0,0.0,1.0,1.0,0.0,1.0,1.0,0.0,1.0,1.0,0.0
-11.749999999999883,1.0,1.0,0.0,1.0,1.0,0.0,1.0,1.0,0.0,1.0,1.0,0.0
-11.699999999999882,1.0,1.0,0.0,1.0,1.0,0.0,1.0,1.0,0.0,1.0,1.0,0.0
-11.649999999999881,1.0,1.0,0.0,1.0,1.0,0.0,1.0,1.0,0.0,1.0,1.0,0.0
-11.59999999999988,1.0,1.0,0.0,1.0,1.0,0.0,1.0,1.0,0.0,1.0,1.0,0.0
-11.54999999999988,1.0,1.0,0.0,1.0,1.0,0.0,1.0,1.0,0.0,1.0,1.0,0.0
-11.49999999999988,1.0,1.0,0.0,1.0,1.0,0.0,1.0,1.0,0.0,1.0,1.0,0.0
-11.449999999999878,1.0,1.0,0.0,1.0,1.0,0.0,1.0,1.0,0.0,1.0,1.0,0.0
-11.399999999999878,1.0,1.0,0.0,1.0,1.0,0.0,1.0,1.0,0.0,1.0,1.0,0.0
-11.349999999999877,1.0,1.0,0.0,1.0,1.0,0.0,1.0,1.0,0.0,1.0,1.0,0.0
-11.299999999999876,1.0,1.0,0.0,1.0,1.0,0.0,1.0,1.0,0.0,1.0,1.0,0.0
-11.249999999999876,1.0,1.0,0.0,1.0,1.0,0.0,1.0,1.0,0.0,1.0,1.0,0.0
-11.199999999999875,1.0,1.0,0.0,1.0,1.0,0.0,1.0,1.0,0.0,1.0,1.0,0.0
-11.149999999999874,1.0,1.0,0.0,1.0,1.0,0.0,1.0,1.0,0.0,1.0,1.0,0.0
-11.099999999999874,1.0,1.0,0.0,1.0,1.0,0.0,1.0,1.0,0.0,1.0,1.0,0.0
-11.049999999999873,1.0,1.0,0.0,1.0,1.0,0.0,1.0,1.0,0.0,1.0,1.0,0.0
-10.999999999999872,1.0,1.0,0.0,1.0,1.0,0.0,1.0,1.0,0.0,1.0,1.0,0.0
-10.949999999999871,1.0,1.0,0.0,1.0,1.0,0.0,1.0,1.0,0.0,1.0,1.0,0.0
-10.89999999999987,1.0,1.0,0.0,1.0,1.0,0.0,1.0,1.0,0.0,1.0,1.0,0.0
-10.84999999999987,1.0,1.0,0.0,1.0,1.0,0.0,1.0,1.0,0.0,1.0,1.0,0.0
-10.79999999999987,1.0,1.0,0.0,1.0,1.0,0.0,1.0,1.0,0.0,1.0,1.0,0.0
-10.749999999999869,1.0,1.0,0.0,1.0,1.0,0.0,1.0,1.0,0.0,1.0,1.0,0.0
-10.699999999999868,1.0,1.0,0.0,1.0,1.0,0.0,1.0,1.0,0.0,1.0,1.0,0.0
-10.649999999999867,1.0,1.0,0.0,1.0,1.0,0.0,1.0,1.0,0.0,1.0,1.0,0.0
-10.599999999999866,1.0,1.0,0.0,1.0,1.0,0.0,1.0,1.0,0.0,1.0,1.0,0.0
-10.549999999999866,1.0,1.0,0.0,1.0,1.0,0.0,1.0,1.0,0.0,1.0,1.0,0.0
-10.499999999999865,1.0,1.0,0.0,1.0,1.0,0.0,1.0,1.0,0.0,1.0,1.0,0.0
-10.449999999999864,1.0,1.0,0.0,1.0,1.0,0.0,1.0,1.0,0.0,1.0,1.0,0.0
-10.399999999999864,1.0,1.0,0.0,1.0,1.0,0.0,1.0,1.0,0.0,1.0,1.0,0.0
-10.349999999999863,1.0,1.0,0.0,1.0,1.0,0.0,1.0,1.0,0.0,1.0,1.0,0.0
-10.299999999999862,1.0,1.0,0.0,1.0,1.0,0.0,1.0,1.0,0.0,1.0,1.0,0.0
-10.249999999999861,1.0,1.0,0.0,1.0,1.0,0.0,1.0,1.0,0.0,1.0,1.0,0.0
-10.19999999999986,1.0,1.0,0.0,1.0,1.0,0.0,1.0,1.0,0.0,1.0,1.0,0.0
-10.14999999999986,1.0,1.0,0.0,1.0,1.0,0.0,1.0,1.0,0.0,1.0,1.0,0.0
-10.09999999999986,1.0,1.0,0.0,1.0,1.0,0.0,1.0,1.0,0.0,1.0,1.0,0.0
-10.049999999999859,1.0,1.0,0.0,1.0,1.0,0.0,1.0,1.0,0.0,1.0,1.0,0.0
-9.999999999999858,1.0,1.0,0.0,1.0,1.0,0.0,1.0,1.0,0.0,1.0,1.0,0.0
-9.949999999999857,1.0,1.0,0.0,1.0,1.0,0.0,1.0,1.0,0.0,1.0,1.0,0.0
-9.899999999999856,1.0,1.0,0.0,1.0,1.0,0.0,1.0,1.0,0.0,1.0,1.0,0.0
-9.849999999999856,1.0,1.0,0.0,1.0,1.0,0.0,1.0,1.0,0.0,1.0,1.0,0.0
-9.799999999999855,1.0,1.0,0.0,1.0,1.0,0.0,1.0,1.0,0.0,1.0,1.0,0.0
-9.749999999999854,1.0,1.0,0.0,1.0,1.0,0.0,1.0,1.0,0.0,1.0,1.0,0.0
-9.699999999999854,1.0,1.0,0.0,1.0,1.0,0.0,1.0,1.0,0.0,1.0,1.0,0.0
-9.649999999999853,1.0,1.0,0.0,1.0,1.0,0.0,1.0,1.0,0.0,1.0,1.0,0.0
-9.599999999999852,1.0,1.0,0.0,1.0,1.0,0.0,1.0,1.0,0.0,1.0,1.0,0.0
-9.549999999999851,1.0,1.0,0.0,1.0,1.0,0.0,1.0,1.0,0.0,1.0,1.0,0.0
-9.49999999999985,1.0,1.0,0.0,1.0,1.0,0.0,1.0,1.0,0.0,1.0,1.0,0.0
-9.44999999999985,1.0,1.0,0.0,1.0,1.0,0.0,1.0,1.0,0.0,1.0,1.0,0.0
-9.39999999999985,1.0,1.0,0.0,1.0,1.0,0.0,1.0,1.0,0.0,1.0,1.0,0.0
-9.349999999999849,1.0,1.0,0.0,1.0,1.0,0.0,1.0,1.0,0.0,1.0,1.0,0.0
-9.299999999999848,1.0,1.0,0.0,1.0,1.0,0.0,1.0,1.0,0.0,1.0,1.0,0.0
-9.249999999999847,1.0,1.0,0.0,1.0,1.0,0.0,1.0,1.0,0.0,1.0,1.0,0.0
-9.199999999999847,1.0,1.0,0.0,1.0,1.0,0.0,1.0,1.0,0.0,1.0,1.0,0.0
-9.149999999999846,1.0,1.0,0.0,1.0,1.0,0.0,1.0,1.0,0.0,1.0,1.0,0.0
-9.099999999999845,1.0,1.0,0.0,1.0,1.0,0.0,1.0,1.0,0.0,1.0,1.0,0.0
-9.049999999999844,1.0,1.0,0.0,1.0,1.0,0.0,1.0,1.0,0.0,1.0,1.0,0.0
-8.999999999999844,1.0,1.0,0.0,1.0,1.0,0.0,1.0,1.0,0.0,1.0,1.0,0.0
-8.949999999999843,1.0,1.0,0.0,1.0,1.0,0.0,1.0,1.0,0.0,1.0,1.0,0.0
-8.899999999999842,1.0,1.0,0.0,1.0,1.0,0.0,1.0,1.0,0.0,1.0,1.0,0.0
-8.849999999999842,1.0,1.0,0.0,1.0,1.0,0.0,1.0,1.0,0.0,1.0,1.0,0.0
-8.79999999999984,1.0,1.0,0.0,1.0,1.0,0.0,1.0,1.0,0.0,1.0,1.0,0.0
-8.74999999999984,1.0,1.0,0.0,1.0,1.0,0.0,1.0,1.0,0.0,1.0,1.0,0.0
-8.69999999999984,1.0,1.0,0.0,1.0,1.0,0.0,1.0,1.0,0.0,1.0,1.0,0.0
-8.649999999999839,1.0,1.0,0.0,1.0,1.0,0.0,1.0,1.0,0.0,1.0,1.0,0.0
-8.599999999999838,1.0,1.0,0.0,1.0,1.0,0.0,1.0,1.0,0.0,1.0,1.0,0.0
-8.549999999999837,1.0,1.0,0.0,1.0,1.0,0.0,1.0,1.0,0.0,1.0,1.0,0.0
-8.499999999999837,1.0,1.0,0.0,1.0,1.0,0.0,1.0,1.0,0.0,1.0,1.0,0.0
-8.449999999999836,1.0,1.0,0.0,1.0,1.0,0.0,1.0,1.0,0.0,1.0,1.0,0.0
-8.399999999999835,1.0,1.0,0.0,1.0,1.0,0.0,1.0,1.0,0.0,1.0,1.0,0.0
-8.349999999999834,1.0,1.0,0.0,1.0,1.0,0.0,1.0,1.0,0.0,1.0,1.0,0.0
-8.299999999999834,1.0,1.0,0.0,1.0,1.0,0.0,1.0,1.0,0.0,1.0,1.0,0.0
-8.249999999999833,1.0,1.0,0.0,1.0,1.0,0.0,1.0,1.0,0.0,1.0,1.0,0.0
-8.199999999999832,1.0,1.0,0.0,1.0,1.0,0.0,1.0,1.0,0.0,1.0,1.0,0.0
-8.149999999999832,1.0,1.0,0.0,1.0,1.0,0.0,1.0,1.0,0.0,1.0,1.0,0.0
-8.099999999999831,1.0,1.0,0.0,1.0,1.0,0.0,1.0,1.0,0.0,1.0,1.0,0.0
-8.04999999999983,1.0,1.0,0.0,1.0,1.0,0.0,1.0,1.0,0.0,1.0,1.0,0.0
-7.9999999999998295,1.0,1.0,0.0,1.0,1.0,0.0,1.0,1.0,0.0,1.0,1.0,0.0
-7.949999999999829,1.0,1.0,0.0,1.0,1.0,0.0,1.0,1.0,0.0,1.0,1.0,0.0
-7.899999999999828,1.0,1.0,0.0,1.0,1.0,0.0,1.0,1.0,0.0,1.0,1.0,0.0
-7.849999999999827,1.0,1.0,0.0,1.0,1.0,0.0,1.0,1.0,0.0,1.0,1.0,0.0
-7.799999999999827,1.0,1.0,0.0,1.0,1.0,0.0,1.0,1.0,0.0,1.0,1.0,0.0
-7.749999999999826,1.0,1.0,0.0,1.0,1.0,0.0,1.0,1.0,0.0,1.0,1.0,0.0
-7.699999999999825,1.0,1.0,0.0,1.0,1.0,0.0,1.0,1.0,0.0,1.0,1.0,0.0
-7.6499999999998245,1.0,1.0,0.0,1.0,1.0,0.0,1.0,1.0,0.0,1.0,1.0,0.0
-7.599999999999824,1.0,1.0,0.0,1.0,1.0,0.0,1.0,1.0,0.0,1.0,1.0,0.0
-7.549999999999823,1.0,1.0,0.0,1.0,1.0,0.0,1.0,1.0,0.0,1.0,1.0,0.0
-7.499999999999822,1.0,1.0,0.0,1.0,1.0,0.0,1.0,1.0,0.0,1.0,1.0,0.0
-7.449999999999822,1.0,1.0,0.0,1.0,1.0,0.0,1.0,1.0,0.0,1.0,1.0,0.0
-7.399999999999821,1.0,1.0,0.0,1.0,1.0,0.0,1.0,1.0,0.0,1.0,1.0,0.0
-7.34999999999982,1.0,1.0,0.0,1.0,1.0,0.0,1.0,1.0,0.0,1.0,1.0,0.0
-7.2999999999998195,1.0,1.0,0.0,1.0,1.0,0.0,1.0,1.0,0.0,1.0,1.0,0.0
-7.249999999999819,1.0,1.0,0.0,1.0,1.0,0.0,1.0,1.0,0.0,1.0,1.0,0.0
-7.199999999999818,1.0,1.0,0.0,1.0,1.0,0.0,1.0,1.0,0.0,1.0,1.0,0.0
-7.149999999999817,1.0,1.0,0.0,1.0,1.0,0.0,1.0,1.0,0.0,1.0,1.0,0.0
-7.099999999999817,1.0,1.0,0.0,1.0,1.0,0.0,1.0,1.0,0.0,1.0,1.0,0.0
-7.049999999999816,1.0,1.0,0.0,1.0,1.0,0.0,1.0,1.0,0.0,1.0,1.0,0.0
-6.999999999999815,1.0,1.0,0.0,1.0,1.0,0.0,1.0,1.0,0.0,1.0,1.0,0.0
-6.9499999999998145,1.0,1.0,0.0,1.0,1.0,0.0,1.0,1.0,0.0,1.0,1.0,0.0
-6.899999999999814,1.0,1.0,0.0,1.0,1.0,0.0,1.0,1.0,0.0,1.0,1.0,0.0
-6.849999999999813,1.0,1.0,0.0,1.0,1.0,0.0,1.0,1.0,0.0,1.0,1.0,0.0
-6.799999999999812,1.0,1.0,0.0,1.0,1.0,0.0,1.0,1.0,0.0,1.0,1.0,0.0
-6.749999999999812,1.0,1.0,0.0,1.0,1.0,0.0,1.0,1.0,0.0,1.0,1.0,0.0
-6.699999999999811,1.0,1.0,0.0,1.0,1.0,0.0,1.0,1.0,0.0,1.0,1.0,0.0
-6.64999999999981,1.0,1.0,0.0,1.0,1.0,0.0,1.0,1.0,0.0,1.0,1.0,0.0
-6.59999999999981,1.0,1.0,0.0,1.0,1.0,0.0,1.0,1.0,0.0,1.0,1.0,0.0
-6.549999999999809,1.0,1.0,0.0,1.0,1.0,0.0,1.0,1.0,0.0,1.0,1.0,0.0
-6.499999999999808,1.0,1.0,0.0,1.0,1.0,0.0,1.0,1.0,0.0,1.0,1.0,0.0
-6.449999999999807,1.0,1.0,0.0,1.0,1.0,0.0,1.0,1.0,0.0,1.0,1.0,0.0
-6.399999999999807,1.0,1.0,0.0,1.0,1.0,0.0,1.0,1.0,0.0,1.0,1.0,0.0
-6.349999999999806,1.0,1.0,0.0,1.0,1.0,0.0,1.0,1.0,0.0,1.0,1.0,0.0
-6.299999999999805,1.0,1.0,0.0,1.0,1.0,0.0,1.0,1.0,0.0,1.0,1.0,0.0
-6.249999999999805,1.0,1.0,0.0,1.0,1.0,0.0,1.0,1.0,0.0,1.0,1.0,0.0
-6.199999999999804,1.0,1.0,0.0,1.0,1.0,0.0,1.0,1.0,0.0,1.0,1.0,0.0
-6.149999999999803,1.0,1.0,0.0,1.0,1.0,0.0,1.0,1.0,0.0,1.0,1.0,0.0
-6.0999999999998025,1.0,1.0,0.0,1.0,1.0,0.0,1.0,1.0,0.0,1.0,1.0,0.0
-6.049999999999802,1.0,1.0,0.0,1.0,1.0,0.0,1.0,1.0,0.0,1.0,1.0,0.0
-5.999999999999801,1.0,1.0,0.0,1.0,1.0,0.0,1.0,1.0,0.0,1.0,1.0,0.0
-5.9499999999998,1.0,1.0,0.0,1.0,1.0,0.0,1.0,1.0,0.0,1.0,1.0,0.0
-5.8999999999998,1.0,1.0,0.0,1.0,1.0,0.0,1.0,1.0,0.0,1.0,1.0,0.0
-5.849999999999799,1.0,1.0,0.0,1.0,1.0,0.0,1.0,1.0,0.0,1.0,1.0,0.0
-5.799999999999798,1.0,1.0,0.0,1.0,1.0,0.0,1.0,1.0,0.0,1.0,1.0,0.0
-5.7499999999997975,1.0,1.0,0.0,1.0,1.0,0.0,1.0,1.0,0.0,1.0,1.0,0.0
-5.699999999999797,1.0,1.0,0.0,1.0,1.0,0.0,1.0,1.0,0.0,1.0,1.0,0.0
-5.649999999999796,1.0,1.0,0.0,1.0,1.0,0.0,1.0,1.0,0.0,1.0,1.0,0.0
-5.599999999999795,1.0,1.0,0.0,1.0,1.0,0.0,1.0,1.0,0.0,1.0,1.0,0.0
-5.549999999999795,1.0,1.0,0.0,1.0,1.0,0.0,1.0,1.0,0.0,1.0,1.0,0.0
-5.499999999999794,1.0,1.0,0.0,1.0,1.0,0.0,1.0,1.0,0.0,1.0,1.0,0.0
-5.449999999999793,1.0,1.0,0.0,1.0,1.0,0.0,1.0,1.0,0.0,1.0,1.0,0.0
-5.3999999999997925,1.0,1.0,0.0,1.0,1.0,0.0,1.0,1.0,0.0,1.0,1.0,0.0
-5.349999999999792,1.0,1.0,0.0,1.0,1.0,0.0,1.0,1.0,0.0,1.0,1.0,0.0
-5.299999999999791,1.0,1.0,0.0,1.0,1.0,0.0,1.0,1.0,0.0,1.0,1.0,0.0
-5.24999999999979,1.0,1.0,0.0,1.0,1.0,0.0,1.0,1.0,0.0,1.0,1.0,0.0
-5.19999999999979,1.0,1.0,0.0,1.0,1.0,0.0,1.0,1.0,0.0,1.0,1.0,0.0
-5.149999999999789,1.0,1.0,0.0,1.0,1.0,0.0,1.0,1.0,0.0,1.0,1.0,0.0
-5.099999999999788,1.0,1.0,0.0,1.0,1.0,0.0,1.0,1.0,0.0,1.0,1.0,0.0
-5.0499999999997875,1.0,1.0,0.0,1.0,1.0,0.0,1.0,1.0,0.0,1.0,1.0,0.0
-4.999999999999787,1.0,1.0,0.0,1.0,1.0,0.0,1.0,1.0,0.0,1.0,1.0,0.0
-4.949999999999786,1.0,1.0,0.0,1.0,1.0,0.0,1.0,1.0,0.0,1.0,1.0,0.0
-4.899999999999785,1.0,1.0,0.0,1.0,1.0,0.0,1.0,1.0,0.0,1.0,1.0,0.0
-4.849999999999785,1.0,1.0,0.0,1.0,1.0,0.0,1.0,1.0,0.0,1.0,1.0,0.0
-4.799999999999784,1.0,1.0,0.0,1.0,1.0,0.0,1.0,1.0,0.0,1.0,1.0,0.0
-4.749999999999783,1.0,1.0,0.0,1.0,1.0,0.0,1.0,1.0,0.0,1.0,1.0,0.0
-4.699999999999783,1.0,1.0,0.0,1.0,1.0,0.0,1.0,1.0,0.0,1.0,1.0,0.0
-4.649999999999782,1.0,1.0,0.0,1.0,1.0,0.0,1.0,1.0,0.0,1.0,1.0,0.0
-4.599999999999781,1.0,1.0,0.0,1.0,1.0,0.0,1.0,1.0,0.0,1.0,1.0,0.0
-4.54999999999978,1.0,1.0,0.0,1.0,1.0,0.0,1.0,1.0,0.0,1.0,1.0,0.0
-4.49999999999978,1.0,1.0,0.0,1.0,1.0,0.0,1.0,1.0,0.0,1.0,1.0,0.0
-4.449999999999779,1.0,1.0,0.0,1.0,1.0,0.0,1.0,1.0,0.0,1.0,1.0,0.0
-4.399999999999778,1.0,1.0,0.0,1.0,1.0,0.0,1.0,1.0,0.0,1.0,1.0,0.0
-4.349999999999778,1.0,1.0,0.0,1.0,1.0,0.0,1.0,1.0,0.0,1.0,1.0,0.0
-4.299999999999777,1.0,1.0,0.0,1.0,1.0,0.0,1.0,1.0,0.0,1.0,1.0,0.0
-4.249999999999776,1.0,1.0,0.0,1.0,1.0,0.0,1.0,1.0,0.0,1.0,1.0,0.0
-4.1999999999997755,1.0,1.0,0.0,1.0,1.0,0.0,1.0,1.0,0.0,1.0,1.0,0.0
-4.149999999999775,1.0,1.0,0.0,1.0,1.0,0.0,1.0,1.0,0.0,1.0,1.0,0.0
-4.099999999999774,1.0,1.0,0.0,1.0,1.0,0.0,1.0,1.0,0.0,1.0,1.0,0.0
-4.049999999999773,1.0,1.0,0.0,1.0,1.0,0.0,1.0,1.0,0.0,1.0,1.0,0.0
-3.9999999999997726,1.0,1.0,0.0,1.0,1.0,0.0,1.0,1.0,0.0,1.0,1.0,0.0
-3.949999999999772,1.0,1.0,0.0,1.0,1.0,0.0,1.0,1.0,0.0,1.0,1.0,0.0
-3.899999999999771,1.0,1.0,0.0,1.0,1.0,0.0,1.0,1.0,0.0,1.0,1.0,0.0
-3.8499999999997705,1.0,1.0,0.0,1.0,1.0,0.0,1.0,1.0,0.0,1.0,1.0,0.0
-3.79999999999977,1.0,1.0,0.0,1.0,1.0,0.0,1.0,1.0,0.0,1.0,1.0,0.0
-3.749999999999769,1.0,1.0,0.0,1.0,1.0,0.0,1.0,1.0,0.0,1.0,1.0,0.0
-3.6999999999997684,1.0,1.0,0.0,1.0,1.0,0.0,1.0,1.0,0.0,1.0,1.0,0.0
-3.6499999999997677,1.0,1.0,0.0,1.0,1.0,0.0,1.0,1.0,0.0,1.0,1.0,0.0
-3.599999999999767,1.0,1.0,0.0,1.0,1.0,0.0,1.0,1.0,0.0,1.0,1.0,0.0
-3.5499999999997662,1.0,1.0,0.0,1.0,1.0,0.0,1.0,1.0,0.0,1.0,1.0,0.0
-3.4999999999997655,1.0,1.0,0.0,1.0,1.0,0.0,1.0,1.0,0.0,1.0,1.0,0.0
-3.449999999999765,1.0,1.0,0.0,1.0,1.0,0.0,1.0,1.0,0.0,1.0,1.0,0.0
-3.399999999999764,1.0,1.0,0.0,1.0,1.0,0.0,1.0,1.0,0.0,1.0,1.0,0.0
-3.3499999999997634,1.0,1.0,0.0,1.0,1.0,0.0,1.0,1.0,0.0,1.0,1.0,0.0
-3.2999999999997627,1.0,1.0,0.0,1.0,1.0,0.0,1.0,1.0,0.0,1.0,1.0,0.0
-3.249999999999762,1.0,1.0,0.0,1.0,1.0,0.0,1.0,1.0,0.0,1.0,1.0,0.0
-3.1999999999997613,1.0,1.0,0.0,1.0,1.0,0.0,1.0,1.0,0.0,1.0,1.0,0.0
-3.1499999999997605,1.0,1.0,0.0,1.0,1.0,0.0,1.0,1.0,0.0,1.0,1.0,0.0
-3.09999999999976,1.0,1.0,0.0,1.0,1.0,0.0,1.0,1.0,0.0,1.0,1.0,0.0
-3.049999999999759,1.0,1.0,0.0,1.0,1.0,0.0,1.0,1.0,0.0,1.0,1.0,0.0
-2.9999999999997584,1.0,1.0,0.0,1.0,1.0,0.0,1.0,1.0,0.0,1.0,1.0,0.0
-2.9499999999997577,1.0,1.0,0.0,1.0,1.0,0.0,1.0,1.0,0.0,1.0,1.0,0.0
-2.899999999999757,1.0,1.0,0.0,1.0,1.0,0.0,1.0,1.0,0.0,1.0,1.0,0.0
-2.8499999999997563,1.0,1.0,0.0,1.0,1.0,0.0,1.0,1.0,0.0,1.0,1.0,0.0
-2.7999999999997556,1.0,1.0,0.0,1.0,1.0,0.0,1.0,1.0,0.0,1.0,1.0,0.0
-2.749999999999755,1.0,1.0,0.0,1.0,1.0,0.0,1.0,1.0,0.0,1.0,1.0,0.0
-2.699999999999754,1.0,1.0,0.0,1.0,1.0,0.0,1.0,1.0,0.0,1.0,1.0,0.0
-2.6499999999997534,1.0,1.0,0.0,1.0,1.0,0.0,1.0,1.0,0.0,1.0,1.0,0.0
-2.5999999999997527,1.0,1.0,0.0,1.0,1.0,0.0,1.0,1.0,0.0,1.0,1.0,0.0
-2.549999999999752,1.0,1.0,0.0,1.0,1.0,0.0,1.0,1.0,0.0,1.0,1.0,0.0
-2.4999999999997513,1.0,1.0,0.0,1.0,1.0,0.0,1.0,1.0,0.0,1.0,1.0,0.0
-2.4499999999997506,1.0,1.0,0.0,1.0,1.0,0.0,1.0,1.0,0.0,1.0,1.0,0.0
-2.39999999999975,1.0,1.0,0.0,1.0,1.0,0.0,1.0,1.0,0.0,1.0,1.0,0.0
-2.349999999999749,1.0,1.0,0.0,1.0,1.0,0.0,1.0,1.0,0.0,1.0,1.0,0.0
-2.2999999999997485,1.0,1.0,0.0,1.0,1.0,0.0,1.0,1.0,0.0,1.0,1.0,0.0
-2.2499999999997478,1.0,1.0,0.0,1.0,1.0,0.0,1.0,1.0,0.0,1.0,1.0,0.0
-2.199999999999747,1.0,1.0,0.0,1.0,1.0,0.0,1.0,1.0,0.0,1.0,1.0,0.0
-2.1499999999997463,1.0,1.0,0.0,1.0,1.0,0.0,1.0,1.0,0.0,1.0,1.0,0.0
-2.0999999999997456,1.0,1.0,0.0,1.0,1.0,0.0,1.0,1.0,0.0,1.0,1.0,0.0
-2.049999999999745,1.0,1.0,0.0,1.0,1.0,0.0,1.0,1.0,0.0,1.0,1.0,0.0
-1.9999999999997442,1.0,1.0,0.0,1.0,1.0,0.0,1.0,1.0,0.0,1.0,1.0,0.0
-1.9499999999997435,1.0,1.0,0.0,1.0,0.9925512104283053,0.0,1.0,1.0,0.0,1.0,1.0,0.0
-1.8999999999997428,1.0,1.0,0.0,1.0,0.9683426443202979,0.0,1.0,0.9962756052141527,0.0,1.0,1.0,0.0
-1.849999999999742,1.0,1.0,0.0,1.0,0.9329608938547486,0.0,1.0,0.9869646182495345,0.0,1.0,1.0,0.0
-1.7999999999997414,1.0,0.9962756052141527,0.0,1.0,0.8752327746741155,0.0,1.0,0.9441340782122906,0.0,1.0,1.0,0.0
-1.7499999999997407,1.0,0.9776536312849161,0.0,1.0,0.8379888268156425,0.0,0.9848484848484849,0.8864059590316574,0.021427478217774146,1.0,0.9683426443202979,0.0
-1.69999999999974,1.0,0.9329608938547486,0.0,1.0,0.7970204841713221,0.0,0.9848484848484849,0.8249534450651769,0.021427478217774146,1.0,0.8845437616387337,0.0
-1.6499999999997392,1.0,0.8808193668528864,0.0,1.0,0.7560521415270017,0.0,0.9848484848484849,0.7728119180633147,0.021427478217774146,1.0,0.7560521415270017,0.0
-1.5999999999997385,1.0,0.8212290502793297,0.0,1.0,0.7001862197392924,0.0,0.9848484848484849,0.7355679702048418,0.021427478217774146,1.0,0.6201117318435755,0.0
-1.5499999999997378,1.0,0.7355679702048418,0.0,1.0,0.6294227188081937,0.0,0.9848484848484849,0.6983240223463687,0.021427478217774146,1.0,0.5307262569832402,0.0
-1.499999999999737,0.9696969696969697,0.6443202979515829,0.04285495643554835,1.0,0.5586592178770949,0.0,0.9848484848484849,0.6834264432029795,0.021427478217774146,1.0,0.4655493482309125,0.0
-1.4499999999997364,0.9696969696969697,0.5586592178770949,0.04285495643554835,0.6515151515151515,0.48417132216014896,0.4610643652940285,0.9696969696969697,0.6405959031657354,0.04285495643554835,0.6666666666666666,0.40595903165735575,0.4714045207910317
-1.3999999999997357,0.9696969696969697,0.4934823091247673,0.04285495643554835,0.6515151515151515,0.41899441340782123,0.4610643652940285,0.9696969696969697,0.553072625698324,0.04285495643554835,0.6666666666666666,0.39106145251396646,0.4714045207910317
-1.349999999999735,0.9696969696969697,0.4320297951582868,0.04285495643554835,0.5681818181818182,0.27001862197392923,0.41035159284699524,0.9696969696969697,0.42085661080074493,0.04285495643554835,0.6666666666666666,0.3612662942271881,0.4714045207910317
-1.2999999999997343,0.8863636363636364,0.3128491620111732,0.1033195583104989,0.5681818181818182,0.13966480446927376,0.41035159284699524,0.8863636363636364,0.28677839851024206,0.1033195583104989,0.6666666666666666,0.3482309124767225,0.4714045207910317
-1.2499999999997335,0.8863636363636364,0.19553072625698328,0.1033195583104989,0.5681818181818182,0.05959031657355677,0.41035159284699524,0.8863636363636364,0.14711359404096835,0.1033195583104989,0.6666666666666666,0.3445065176908752,0.4714045207910317
-1.1999999999997328,0.8863636363636364,0.10986964618249535,0.1033195583104989,0.5681818181818182,0.031657355679702036,0.41035159284699524,0.8863636363636364,0.06145251396648047,0.1033195583104989,0.6666666666666666,0.33705772811918067,0.4714045207910317
-1.1499999999997321,0.8863636363636364,0.04841713221601492,0.1033195583104989,0.5681818181818182,0.020484171322160145,0.41035159284699524,0.8863636363636364,0.029795158286778405,0.1033195583104989,0.5833333333333334,0.33705772811918067,0.42491829279939874
-1.0999999999997314,0.8863636363636364,0.027932960893854736,0.1033195583104989,0.5681818181818182,0.013035381750465555,0.41035159284699524,0.8863636363636364,0.01675977653631285,0.1033195583104989,0.5833333333333334,0.335195530726257,0.42491829279939874
-1.0499999999997307,0.8863636363636364,0.018621973929236518,0.1033195583104989,0.5681818181818182,0.005586592178770962,0.41035159284699524,0.8863636363636364,0.009310986964618259,0.1033195583104989,0.5833333333333334,0.335195530726257,0.42491829279939874
-0.99999999999973,0.8863636363636364,0.011173184357541924,0.1033195583104989,0.5681818181818182,0.003724394785847296,0.41035159284699524,0.8863636363636364,0.005586592178770962,0.1033195583104989,0.5681818181818182,0.0037243947858473327,0.41035159284699524
-0.9499999999997293,0.8863636363636364,0.009310986964618259,0.1033195583104989,0.5681818181818182,0.003724394785847296,0.41035159284699524,0.8863636363636364,0.0037243947858473327,0.1033195583104989,0.5681818181818182,0.0018621973929236664,0.41035159284699524
-0.8999999999997286,0.8863636363636364,0.005586592178770962,0.1033195583104989,0.5681818181818182,0.003724394785847296,0.41035159284699524,0.8863636363636364,0.0037243947858473327,0.1033195583104989,0.5681818181818182,0.0018621973929236664,0.41035159284699524
-0.8499999999997279,0.8863636363636364,0.003724394785847296,0.1033195583104989,0.5681818181818182,0.003724394785847296,0.41035159284699524,0.8863636363636364,0.0018621973929236664,0.1033195583104989,0.5681818181818182,0.0018621973929236664,0.41035159284699524
-0.7999999999997272,0.8863636363636364,0.0018621973929236664,0.1033195583104989,0.5681818181818182,0.003724394785847296,0.41035159284699524,0.8863636363636364,0.0,0.1033195583104989,0.5681818181818182,0.0018621973929236664,0.41035159284699524
-0.7499999999997264,0.8863636363636364,0.0018621973929236664,0.1033195583104989,0.5681818181818182,0.003724394785847296,0.41035159284699524,0.8863636363636364,0.0,0.1033195583104989,0.5681818181818182,0.0,0.41035159284699524
-0.6999999999997257,0.8863636363636364,0.0018621973929236664,0.1033195583104989,0.5681818181818182,0.0,0.41035159284699524,0.8863636363636364,0.0,0.1033195583104989,0.5681818181818182,0.0,0.41035159284699524
-0.649999999999725,0.8863636363636364,0.0,0.1033195583104989,0.5681818181818182,0.0,0.41035159284699524,0.8863636363636364,0.0,0.1033195583104989,0.5681818181818182,0.0,0.41035159284699524
-0.5999999999997243,0.8863636363636364,0.0,0.1033195583104989,0.5681818181818182,0.0,0.41035159284699524,0.8863636363636364,0.0,0.1033195583104989,0.5681818181818182,0.0,0.41035159284699524
-0.5499999999997236,0.8863636363636364,0.0,0.1033195583104989,0.5681818181818182,0.0,0.41035159284699524,0.8863636363636364,0.0,0.1033195583104989,0.5530303030303031,0.0,0.39640834702882205
-0.4999999999997229,0.8863636363636364,0.0,0.1033195583104989,0.5681818181818182,0.0,0.41035159284699524,0.8863636363636364,0.0,0.1033195583104989,0.5530303030303031,0.0,0.39640834702882205
-0.4499999999997222,0.8863636363636364,0.0,0.1033195583104989,0.5681818181818182,0.0,0.41035159284699524,0.8863636363636364,0.0,0.1033195583104989,0.5530303030303031,0.0,0.39640834702882205
-0.39999999999972147,0.8863636363636364,0.0,0.1033195583104989,0.5681818181818182,0.0,0.41035159284699524,0.8863636363636364,0.0,0.1033195583104989,0.5530303030303031,0.0,0.39640834702882205
-0.34999999999972076,0.8863636363636364,0.0,0.1033195583104989,0.5681818181818182,0.0,0.41035159284699524,0.8863636363636364,0.0,0.1033195583104989,0.5530303030303031,0.0,0.39640834702882205
-0.29999999999972005,0.8863636363636364,0.0,0.1033195583104989,0.5681818181818182,0.0,0.41035159284699524,0.8863636363636364,0.0,0.1033195583104989,0.5530303030303031,0.0,0.39640834702882205
-0.24999999999971934,0.8863636363636364,0.0,0.1033195583104989,0.5681818181818182,0.0,0.41035159284699524,0.8863636363636364,0.0,0.1033195583104989,0.5530303030303031,0.0,0.39640834702882205
-0.19999999999971863,0.8863636363636364,0.0,0.1033195583104989,0.5681818181818182,0.0,0.41035159284699524,0.8863636363636364,0.0,0.1033195583104989,0.5530303030303031,0.0,0.39640834702882205
-0.14999999999971791,0.8863636363636364,0.0,0.1033195583104989,0.5681818181818182,0.0,0.41035159284699524,0.8863636363636364,0.0,0.1033195583104989,0.5530303030303031,0.0,0.39640834702882205
-0.0999999999997172,0.8863636363636364,0.0,0.1033195583104989,0.5681818181818182,0.0,0.41035159284699524,0.8863636363636364,0.0,0.1033195583104989,0.537878787878788,0.0,0.3831566247394483
-0.04999999999971649,0.8863636363636364,0.0,0.1033195583104989,0.5681818181818182,0.0,0.41035159284699524,0.8863636363636364,0.0,0.1033195583104989,0.537878787878788,0.0,0.3831566247394483
2.8421709430404007e-13,0.8863636363636364,0.0,0.1033195583104989,0.5681818181818182,0.0,0.41035159284699524,0.8863636363636364,0.0,0.1033195583104989,0.537878787878788,0.0,0.3831566247394483
0.05000000000028493,0.8863636363636364,0.0,0.1033195583104989,0.5681818181818182,0.0,0.41035159284699524,0.8863636363636364,0.0,0.1033195583104989,0.537878787878788,0.0,0.3831566247394483
0.10000000000028564,0.5530303030303031,0.0,0.39640834702882205,0.4696969696969697,0.0,0.3717528529207666,0.8712121212121212,0.0,0.10220255729721243,0.537878787878788,0.0,0.3831566247394483
0.15000000000028635,0.5530303030303031,0.0,0.39640834702882205,0.4696969696969697,0.0,0.3717528529207666,0.8712121212121212,0.0,0.10220255729721243,0.537878787878788,0.0,0.3831566247394483
0.20000000000028706,0.5530303030303031,0.0,0.39640834702882205,0.4696969696969697,0.0,0.3717528529207666,0.8712121212121212,0.0,0.10220255729721243,0.537878787878788,0.0,0.3831566247394483
0.25000000000028777,0.537878787878788,0.0,0.3831566247394483,0.4696969696969697,0.0,0.3717528529207666,0.8712121212121212,0.0,0.10220255729721243,0.537878787878788,0.0,0.3831566247394483
0.3000000000002885,0.537878787878788,0.0,0.3831566247394483,0.4696969696969697,0.0,0.3717528529207666,0.8712121212121212,0.0,0.10220255729721243,0.537878787878788,0.0,0.3831566247394483
0.3500000000002892,0.537878787878788,0.0,0.3831566247394483,0.4696969696969697,0.0,0.3717528529207666,0.8712121212121212,0.0,0.10220255729721243,0.537878787878788,0.0,0.3831566247394483
0.4000000000002899,0.537878787878788,0.0,0.3831566247394483,0.4696969696969697,0.0,0.3717528529207666,0.8712121212121212,0.0,0.10220255729721243,0.537878787878788,0.0,0.3831566247394483
0.4500000000002906,0.537878787878788,0.0,0.3831566247394483,0.4696969696969697,0.0,0.3717528529207666,0.8712121212121212,0.0,0.10220255729721243,0.537878787878788,0.0,0.3831566247394483
0.5000000000002913,0.537878787878788,0.0,0.3831566247394483,0.4696969696969697,0.0,0.3717528529207666,0.8712121212121212,0.0,0.10220255729721243,0.537878787878788,0.0,0.3831566247394483
0.550000000000292,0.537878787878788,0.0,0.3831566247394483,0.4696969696969697,0.0,0.3717528529207666,0.8712121212121212,0.0,0.10220255729721243,0.537878787878788,0.0,0.3831566247394483
0.6000000000002927,0.537878787878788,0.0,0.3831566247394483,0.4696969696969697,0.0,0.3717528529207666,0.8712121212121212,0.0,0.10220255729721243,0.537878787878788,0.0,0.3831566247394483
0.6500000000002935,0.537878787878788,0.0,0.3831566247394483,0.4696969696969697,0.0,0.3717528529207666,0.8712121212121212,0.0,0.10220255729721243,0.537878787878788,0.0,0.3831566247394483
0.7000000000002942,0.537878787878788,0.0,0.3831566247394483,0.4696969696969697,0.0,0.3717528529207666,0.8712121212121212,0.0,0.10220255729721243,0.537878787878788,0.0,0.3831566247394483
0.7500000000002949,0.537878787878788,0.0,0.3831566247394483,0.4696969696969697,0.0,0.3717528529207666,0.8712121212121212,0.0,0.10220255729721243,0.537878787878788,0.0,0.3831566247394483
0.8000000000002956,0.537878787878788,0.0,0.3831566247394483,0.4696969696969697,0.0,0.3717528529207666,0.8712121212121212,0.0,0.10220255729721243,0.537878787878788,0.0,0.3831566247394483
0.8500000000002963,0.537878787878788,0.0,0.3831566247394483,0.4696969696969697,0.0,0.3717528529207666,0.8712121212121212,0.0,0.10220255729721243,0.537878787878788,0.0,0.3831566247394483
0.900000000000297,0.537878787878788,0.0,0.3831566247394483,0.4696969696969697,0.0,0.3717528529207666,0.8712121212121212,0.0,0.10220255729721243,0.537878787878788,0.0,0.3831566247394483
0.9500000000002977,0.537878787878788,0.0,0.3831566247394483,0.4696969696969697,0.0,0.3717528529207666,0.8712121212121212,0.0,0.10220255729721243,0.537878787878788,0.0,0.3831566247394483
1.0000000000002984,0.537878787878788,0.0,0.3831566247394483,0.4696969696969697,0.0,0.3717528529207666,0.537878787878788,0.0,0.3831566247394483,0.537878787878788,0.0,0.3831566247394483
1.0500000000002991,0.537878787878788,0.0,0.3831566247394483,0.4696969696969697,0.0,0.3717528529207666,0.537878787878788,0.0,0.3831566247394483,0.537878787878788,0.0,0.3831566247394483
1.1000000000002998,0.537878787878788,0.0,0.3831566247394483,0.4696969696969697,0.0,0.3717528529207666,0.537878787878788,0.0,0.3831566247394483,0.537878787878788,0.0,0.3831566247394483
1.1500000000003006,0.537878787878788,0.0,0.3831566247394483,0.4696969696969697,0.0,0.3717528529207666,0.537878787878788,0.0,0.3831566247394483,0.537878787878788,0.0,0.3831566247394483
1.2000000000003013,0.537878787878788,0.0,0.3831566247394483,0.4696969696969697,0.0,0.3717528529207666,0.537878787878788,0.0,0.3831566247394483,0.537878787878788,0.0,0.3831566247394483
1.250000000000302,0.537878787878788,0.0,0.3831566247394483,0.4696969696969697,0.0,0.3717528529207666,0.537878787878788,0.0,0.3831566247394483,0.537878787878788,0.0,0.3831566247394483
1.3000000000003027,0.537878787878788,0.0,0.3831566247394483,0.4696969696969697,0.0,0.3717528529207666,0.537878787878788,0.0,0.3831566247394483,0.537878787878788,0.0,0.3831566247394483
1.3500000000003034,0.537878787878788,0.0,0.3831566247394483,0.4696969696969697,0.0,0.3717528529207666,0.537878787878788,0.0,0.3831566247394483,0.537878787878788,0.0,0.3831566247394483
1.4000000000003041,0.537878787878788,0.0,0.3831566247394483,0.4696969696969697,0.0,0.3717528529207666,0.537878787878788,0.0,0.3831566247394483,0.537878787878788,0.0,0.3831566247394483
1.4500000000003048,0.537878787878788,0.0,0.3831566247394483,0.4696969696969697,0.0,0.3717528529207666,0.537878787878788,0.0,0.3831566247394483,0.537878787878788,0.0,0.3831566247394483
1.5000000000003055,0.537878787878788,0.0,0.3831566247394483,0.3863636363636364,0.0,0.38345608287405347,0.537878787878788,0.0,0.3831566247394483,0.537878787878788,0.0,0.3831566247394483
1.5500000000003062,0.537878787878788,0.0,0.3831566247394483,0.3863636363636364,0.0,0.38345608287405347,0.537878787878788,0.0,0.3831566247394483,0.537878787878788,0.0,0.3831566247394483
1.600000000000307,0.537878787878788,0.0,0.3831566247394483,0.3863636363636364,0.0,0.38345608287405347,0.537878787878788,0.0,0.3831566247394483,0.537878787878788,0.0,0.3831566247394483
1.6500000000003077,0.537878787878788,0.0,0.3831566247394483,0.3863636363636364,0.0,0.38345608287405347,0.537878787878788,0.0,0.3831566247394483,0.537878787878788,0.0,0.3831566247394483
1.7000000000003084,0.537878787878788,0.0,0.3831566247394483,0.3863636363636364,0.0,0.38345608287405347,0.537878787878788,0.0,0.3831566247394483,0.537878787878788,0.0,0.3831566247394483
1.750000000000309,0.537878787878788,0.0,0.3831566247394483,0.3863636363636364,0.0,0.38345608287405347,0.537878787878788,0.0,0.3831566247394483,0.537878787878788,0.0,0.3831566247394483
1.8000000000003098,0.537878787878788,0.0,0.3831566247394483,0.3863636363636364,0.0,0.38345608287405347,0.537878787878788,0.0,0.3831566247394483,0.537878787878788,0.0,0.3831566247394483
1.8500000000003105,0.537878787878788,0.0,0.3831566247394483,0.3863636363636364,0.0,0.38345608287405347,0.537878787878788,0.0,0.3831566247394483,0.537878787878788,0.0,0.3831566247394483
1.9000000000003112,0.537878787878788,0.0,0.3831566247394483,0.3863636363636364,0.0,0.38345608287405347,0.537878787878788,0.0,0.3831566247394483,0.537878787878788,0.0,0.3831566247394483
1.950000000000312,0.537878787878788,0.0,0.3831566247394483,0.3863636363636364,0.0,0.38345608287405347,0.537878787878788,0.0,0.3831566247394483,0.26515151515151514,0.0,0.3433414907158988
2.0000000000003126,0.537878787878788,0.0,0.3831566247394483,0.3863636363636364,0.0,0.38345608287405347,0.537878787878788,0.0,0.3831566247394483,0.25,0.0,0.3535533905932738
2.0500000000003133,0.537878787878788,0.0,0.3831566247394483,0.3863636363636364,0.0,0.38345608287405347,0.537878787878788,0.0,0.3831566247394483,0.25,0.0,0.3535533905932738
2.100000000000314,0.537878787878788,0.0,0.3831566247394483,0.3863636363636364,0.0,0.38345608287405347,0.537878787878788,0.0,0.3831566247394483,0.25,0.0,0.3535533905932738
2.1500000000003148,0.537878787878788,0.0,0.3831566247394483,0.3863636363636364,0.0,0.38345608287405347,0.537878787878788,0.0,0.3831566247394483,0.25,0.0,0.3535533905932738
2.2000000000003155,0.537878787878788,0.0,0.3831566247394483,0.3863636363636364,0.0,0.38345608287405347,0.537878787878788,0.0,0.3831566247394483,0.25,0.0,0.3535533905932738
2.250000000000316,0.537878787878788,0.0,0.3831566247394483,0.3863636363636364,0.0,0.38345608287405347,0.537878787878788,0.0,0.3831566247394483,0.25,0.0,0.3535533905932738
2.300000000000317,0.537878787878788,0.0,0.3831566247394483,0.3863636363636364,0.0,0.38345608287405347,0.537878787878788,0.0,0.3831566247394483,0.25,0.0,0.3535533905932738
2.3500000000003176,0.537878787878788,0.0,0.3831566247394483,0.30303030303030304,0.0,0.4285495643554833,0.537878787878788,0.0,0.3831566247394483,0.25,0.0,0.3535533905932738
2.4000000000003183,0.537878787878788,0.0,0.3831566247394483,0.30303030303030304,0.0,0.4285495643554833,0.537878787878788,0.0,0.3831566247394483,0.25,0.0,0.3535533905932738
2.450000000000319,0.537878787878788,0.0,0.3831566247394483,0.30303030303030304,0.0,0.4285495643554833,0.537878787878788,0.0,0.3831566247394483,0.25,0.0,0.3535533905932738
2.5000000000003197,0.537878787878788,0.0,0.3831566247394483,0.30303030303030304,0.0,0.4285495643554833,0.537878787878788,0.0,0.3831566247394483,0.25,0.0,0.3535533905932738
2.5500000000003205,0.537878787878788,0.0,0.3831566247394483,0.30303030303030304,0.0,0.4285495643554833,0.537878787878788,0.0,0.3831566247394483,0.25,0.0,0.3535533905932738
2.600000000000321,0.537878787878788,0.0,0.3831566247394483,0.30303030303030304,0.0,0.4285495643554833,0.537878787878788,0.0,0.3831566247394483,0.25,0.0,0.3535533905932738
2.650000000000322,0.537878787878788,0.0,0.3831566247394483,0.30303030303030304,0.0,0.4285495643554833,0.537878787878788,0.0,0.3831566247394483,0.25,0.0,0.3535533905932738
2.7000000000003226,0.537878787878788,0.0,0.3831566247394483,0.30303030303030304,0.0,0.4285495643554833,0.537878787878788,0.0,0.3831566247394483,0.25,0.0,0.3535533905932738
2.7500000000003233,0.537878787878788,0.0,0.3831566247394483,0.30303030303030304,0.0,0.4285495643554833,0.5227272727272728,0.0,0.3706706006886384,0.25,0.0,0.3535533905932738
2.800000000000324,0.4545454545454546,0.0,0.3540400438044825,0.30303030303030304,0.0,0.4285495643554833,0.5227272727272728,0.0,0.3706706006886384,0.25,0.0,0.3535533905932738
2.8500000000003247,0.4545454545454546,0.0,0.3540400438044825,0.2878787878787879,0.0,0.40712208613770917,0.5227272727272728,0.0,0.3706706006886384,0.25,0.0,0.3535533905932738
2.9000000000003254,0.4545454545454546,0.0,0.3540400438044825,0.2878787878787879,0.0,0.40712208613770917,0.5227272727272728,0.0,0.3706706006886384,0.25,0.0,0.3535533905932738
2.950000000000326,0.4545454545454546,0.0,0.3540400438044825,0.2878787878787879,0.0,0.40712208613770917,0.5227272727272728,0.0,0.3706706006886384,0.25,0.0,0.3535533905932738
3.000000000000327,0.4545454545454546,0.0,0.3540400438044825,0.2878787878787879,0.0,0.40712208613770917,0.5227272727272728,0.0,0.3706706006886384,0.25,0.0,0.3535533905932738
3.0500000000003276,0.4545454545454546,0.0,0.3540400438044825,0.2878787878787879,0.0,0.40712208613770917,0.5227272727272728,0.0,0.3706706006886384,0.25,0.0,0.3535533905932738
3.1000000000003283,0.4545454545454546,0.0,0.3540400438044825,0.2878787878787879,0.0,0.40712208613770917,0.5227272727272728,0.0,0.3706706006886384,0.25,0.0,0.3535533905932738
3.150000000000329,0.4545454545454546,0.0,0.3540400438044825,0.2878787878787879,0.0,0.40712208613770917,0.43939393939393945,0.0,0.3367592541044374,0.25,0.0,0.3535533905932738
3.2000000000003297,0.4545454545454546,0.0,0.3540400438044825,0.2878787878787879,0.0,0.40712208613770917,0.43939393939393945,0.0,0.3367592541044374,0.25,0.0,0.3535533905932738
3.2500000000003304,0.4545454545454546,0.0,0.3540400438044825,0.2878787878787879,0.0,0.40712208613770917,0.43939393939393945,0.0,0.3367592541044374,0.25,0.0,0.3535533905932738
3.300000000000331,0.4545454545454546,0.0,0.3540400438044825,0.2878787878787879,0.0,0.40712208613770917,0.43939393939393945,0.0,0.3367592541044374,0.25,0.0,0.3535533905932738
3.350000000000332,0.4545454545454546,0.0,0.3540400438044825,0.2878787878787879,0.0,0.40712208613770917,0.43939393939393945,0.0,0.3367592541044374,0.25,0.0,0.3535533905932738
3.4000000000003325,0.4545454545454546,0.0,0.3540400438044825,0.2878787878787879,0.0,0.40712208613770917,0.43939393939393945,0.0,0.3367592541044374,0.25,0.0,0.3535533905932738
3.4500000000003332,0.4545454545454546,0.0,0.3540400438044825,0.2878787878787879,0.0,0.40712208613770917,0.43939393939393945,0.0,0.3367592541044374,0.25,0.0,0.3535533905932738
3.500000000000334,0.4545454545454546,0.0,0.3540400438044825,0.2878787878787879,0.0,0.40712208613770917,0.43939393939393945,0.0,0.3367592541044374,0.25,0.0,0.3535533905932738
3.5500000000003347,0.4545454545454546,0.0,0.3540400438044825,0.2878787878787879,0.0,0.40712208613770917,0.43939393939393945,0.0,0.3367592541044374,0.25,0.0,0.3535533905932738
3.6000000000003354,0.4545454545454546,0.0,0.3540400438044825,0.2878787878787879,0.0,0.40712208613770917,0.43939393939393945,0.0,0.3367592541044374,0.25,0.0,0.3535533905932738
3.650000000000336,0.4545454545454546,0.0,0.3540400438044825,0.2878787878787879,0.0,0.40712208613770917,0.43939393939393945,0.0,0.3367592541044374,0.25,0.0,0.3535533905932738
3.700000000000337,0.4545454545454546,0.0,0.3540400438044825,0.2878787878787879,0.0,0.40712208613770917,0.43939393939393945,0.0,0.3367592541044374,0.25,0.0,0.3535533905932738
3.7500000000003375,0.37121212121212127,0.0,0.3628463640856984,0.2878787878787879,0.0,0.40712208613770917,0.43939393939393945,0.0,0.3367592541044374,0.25,0.0,0.3535533905932738
3.800000000000338,0.37121212121212127,0.0,0.3628463640856984,0.2878787878787879,0.0,0.40712208613770917,0.43939393939393945,0.0,0.3367592541044374,0.25,0.0,0.3535533905932738
3.850000000000339,0.37121212121212127,0.0,0.3628463640856984,0.2878787878787879,0.0,0.40712208613770917,0.43939393939393945,0.0,0.3367592541044374,0.25,0.0,0.3535533905932738
3.9000000000003396,0.37121212121212127,0.0,0.3628463640856984,0.2878787878787879,0.0,0.40712208613770917,0.35606060606060613,0.0,0.3423370765968183,0.25,0.0,0.3535533905932738
3.9500000000003403,0.37121212121212127,0.0,0.3628463640856984,0.2878787878787879,0.0,0.40712208613770917,0.27272727272727276,0.0,0.385694607919935,0.25,0.0,0.3535533905932738
4.000000000000341,0.37121212121212127,0.0,0.3628463640856984,0.2878787878787879,0.0,0.40712208613770917,0.16666666666666666,0.0,0.23570226039551584,0.25,0.0,0.3535533905932738
4.050000000000342,0.37121212121212127,0.0,0.3628463640856984,0.2878787878787879,0.0,0.40712208613770917,0.0,0.0,0.0,0.25,0.0,0.3535533905932738
4.1000000000003425,0.37121212121212127,0.0,0.3628463640856984,0.2878787878787879,0.0,0.40712208613770917,0.0,0.0,0.0,0.25,0.0,0.3535533905932738
4.150000000000343,0.37121212121212127,0.0,0.3628463640856984,0.2878787878787879,0.0,0.40712208613770917,0.0,0.0,0.0,0.25,0.0,0.3535533905932738
4.200000000000344,0.37121212121212127,0.0,0.3628463640856984,0.2878787878787879,0.0,0.40712208613770917,0.0,0.0,0.0,0.25,0.0,0.3535533905932738
4.250000000000345,0.37121212121212127,0.0,0.3628463640856984,0.2878787878787879,0.0,0.40712208613770917,0.0,0.0,0.0,0.25,0.0,0.3535533905932738
4.300000000000345,0.37121212121212127,0.0,0.3628463640856984,0.2878787878787879,0.0,0.40712208613770917,0.0,0.0,0.0,0.25,0.0,0.3535533905932738
4.350000000000346,0.37121212121212127,0.0,0.3628463640856984,0.2878787878787879,0.0,0.40712208613770917,0.0,0.0,0.0,0.25,0.0,0.3535533905932738
4.400000000000347,0.37121212121212127,0.0,0.3628463640856984,0.2878787878787879,0.0,0.40712208613770917,0.0,0.0,0.0,0.25,0.0,0.3535533905932738
4.4500000000003475,0.37121212121212127,0.0,0.3628463640856984,0.2878787878787879,0.0,0.40712208613770917,0.0,0.0,0.0,0.25,0.0,0.3535533905932738
4.500000000000348,0.37121212121212127,0.0,0.3628463640856984,0.2878787878787879,0.0,0.40712208613770917,0.0,0.0,0.0,0.16666666666666666,0.0,0.23570226039551584
4.550000000000349,0.37121212121212127,0.0,0.3628463640856984,0.2878787878787879,0.0,0.40712208613770917,0.0,0.0,0.0,0.16666666666666666,0.0,0.23570226039551584
4.60000000000035,0.37121212121212127,0.0,0.3628463640856984,0.2878787878787879,0.0,0.40712208613770917,0.0,0.0,0.0,0.16666666666666666,0.0,0.23570226039551584
4.65000000000035,0.37121212121212127,0.0,0.3628463640856984,0.2878787878787879,0.0,0.40712208613770917,0.0,0.0,0.0,0.16666666666666666,0.0,0.23570226039551584
4.700000000000351,0.37121212121212127,0.0,0.3628463640856984,0.2878787878787879,0.0,0.40712208613770917,0.0,0.0,0.0,0.16666666666666666,0.0,0.23570226039551584
4.750000000000352,0.37121212121212127,0.0,0.3628463640856984,0.2878787878787879,0.0,0.40712208613770917,0.0,0.0,0.0,0.16666666666666666,0.0,0.23570226039551584
4.800000000000352,0.37121212121212127,0.0,0.3628463640856984,0.2878787878787879,0.0,0.40712208613770917,0.0,0.0,0.0,0.08333333333333333,0.0,0.11785113019775792
4.850000000000353,0.37121212121212127,0.0,0.3628463640856984,0.2878787878787879,0.0,0.40712208613770917,0.0,0.0,0.0,0.08333333333333333,0.0,0.11785113019775792
4.900000000000354,0.37121212121212127,0.0,0.3628463640856984,0.2878787878787879,0.0,0.40712208613770917,0.0,0.0,0.0,0.08333333333333333,0.0,0.11785113019775792
4.950000000000355,0.37121212121212127,0.0,0.3628463640856984,0.2878787878787879,0.0,0.40712208613770917,0.0,0.0,0.0,0.0,0.0,0.0
5.000000000000355,0.37121212121212127,0.0,0.3628463640856984,0.2878787878787879,0.0,0.40712208613770917,0.0,0.0,0.0,0.0,0.0,0.0
5.050000000000356,0.35606060606060613,0.0,0.3423370765968183,0.2878787878787879,0.0,0.40712208613770917,0.0,0.0,0.0,0.0,0.0,0.0
5.100000000000357,0.35606060606060613,0.0,0.3423370765968183,0.2878787878787879,0.0,0.40712208613770917,0.0,0.0,0.0,0.0,0.0,0.0
5.150000000000357,0.35606060606060613,0.0,0.3423370765968183,0.2878787878787879,0.0,0.40712208613770917,0.0,0.0,0.0,0.0,0.0,0.0
5.200000000000358,0.35606060606060613,0.0,0.3423370765968183,0.2878787878787879,0.0,0.40712208613770917,0.0,0.0,0.0,0.0,0.0,0.0
5.250000000000359,0.35606060606060613,0.0,0.3423370765968183,0.27272727272727276,0.0,0.385694607919935,0.0,0.0,0.0,0.0,0.0,0.0
5.3000000000003595,0.3409090909090909,0.0,0.3219474145587239,0.24242424242424243,0.0,0.34283965148438666,0.0,0.0,0.0,0.0,0.0,0.0
5.35000000000036,0.32575757575757575,0.0,0.30170163260211935,0.21212121212121213,0.0,0.2999846950488383,0.0,0.0,0.0,0.0,0.0,0.0
5.400000000000361,0.3106060606060606,0.0,0.28163076205213794,0.16666666666666666,0.0,0.23570226039551584,0.0,0.0,0.0,0.0,0.0,0.0
5.450000000000362,0.25,0.0,0.2041241452319315,0.13636363636363638,0.0,0.1928473039599675,0.0,0.0,0.0,0.0,0.0,0.0
5.500000000000362,0.25,0.0,0.2041241452319315,0.0909090909090909,0.0,0.128564869306645,0.0,0.0,0.0,0.0,0.0,0.0
5.550000000000363,0.20454545454545456,0.0,0.15189346708911683,0.04545454545454545,0.0,0.0642824346533225,0.0,0.0,0.0,0.0,0.0,0.0
5.600000000000364,0.1590909090909091,0.0,0.11287624564963135,0.030303030303030304,0.0,0.04285495643554833,0.0,0.0,0.0,0.0,0.0,0.0
5.6500000000003645,0.04545454545454545,0.0,0.0642824346533225,0.0,0.0,0.0,0.0,0.0,0.0,0.0,0.0,0.0
5.700000000000365,0.015151515151515152,0.0,0.021427478217774167,0.0,0.0,0.0,0.0,0.0,0.0,0.0,0.0,0.0
5.750000000000366,0.0,0.0,0.0,0.0,0.0,0.0,0.0,0.0,0.0,0.0,0.0,0.0
5.800000000000367,0.0,0.0,0.0,0.0,0.0,0.0,0.0,0.0,0.0,0.0,0.0,0.0
5.850000000000367,0.0,0.0,0.0,0.0,0.0,0.0,0.0,0.0,0.0,0.0,0.0,0.0
5.900000000000368,0.0,0.0,0.0,0.0,0.0,0.0,0.0,0.0,0.0,0.0,0.0,0.0
5.950000000000369,0.0,0.0,0.0,0.0,0.0,0.0,0.0,0.0,0.0,0.0,0.0,0.0
6.0000000000003695,0.0,0.0,0.0,0.0,0.0,0.0,0.0,0.0,0.0,0.0,0.0,0.0
6.05000000000037,0.0,0.0,0.0,0.0,0.0,0.0,0.0,0.0,0.0,0.0,0.0,0.0
6.100000000000371,0.0,0.0,0.0,0.0,0.0,0.0,0.0,0.0,0.0,0.0,0.0,0.0
6.150000000000372,0.0,0.0,0.0,0.0,0.0,0.0,0.0,0.0,0.0,0.0,0.0,0.0
6.200000000000372,0.0,0.0,0.0,0.0,0.0,0.0,0.0,0.0,0.0,0.0,0.0,0.0
6.250000000000373,0.0,0.0,0.0,0.0,0.0,0.0,0.0,0.0,0.0,0.0,0.0,0.0
6.300000000000374,0.0,0.0,0.0,0.0,0.0,0.0,0.0,0.0,0.0,0.0,0.0,0.0
6.3500000000003745,0.0,0.0,0.0,0.0,0.0,0.0,0.0,0.0,0.0,0.0,0.0,0.0
6.400000000000375,0.0,0.0,0.0,0.0,0.0,0.0,0.0,0.0,0.0,0.0,0.0,0.0
6.450000000000376,0.0,0.0,0.0,0.0,0.0,0.0,0.0,0.0,0.0,0.0,0.0,0.0
6.500000000000377,0.0,0.0,0.0,0.0,0.0,0.0,0.0,0.0,0.0,0.0,0.0,0.0
6.550000000000377,0.0,0.0,0.0,0.0,0.0,0.0,0.0,0.0,0.0,0.0,0.0,0.0
6.600000000000378,0.0,0.0,0.0,0.0,0.0,0.0,0.0,0.0,0.0,0.0,0.0,0.0
6.650000000000379,0.0,0.0,0.0,0.0,0.0,0.0,0.0,0.0,0.0,0.0,0.0,0.0
6.700000000000379,0.0,0.0,0.0,0.0,0.0,0.0,0.0,0.0,0.0,0.0,0.0,0.0
6.75000000000038,0.0,0.0,0.0,0.0,0.0,0.0,0.0,0.0,0.0,0.0,0.0,0.0
6.800000000000381,0.0,0.0,0.0,0.0,0.0,0.0,0.0,0.0,0.0,0.0,0.0,0.0
6.850000000000382,0.0,0.0,0.0,0.0,0.0,0.0,0.0,0.0,0.0,0.0,0.0,0.0
6.900000000000382,0.0,0.0,0.0,0.0,0.0,0.0,0.0,0.0,0.0,0.0,0.0,0.0
6.950000000000383,0.0,0.0,0.0,0.0,0.0,0.0,0.0,0.0,0.0,0.0,0.0,0.0
7.000000000000384,0.0,0.0,0.0,0.0,0.0,0.0,0.0,0.0,0.0,0.0,0.0,0.0
7.050000000000384,0.0,0.0,0.0,0.0,0.0,0.0,0.0,0.0,0.0,0.0,0.0,0.0
7.100000000000385,0.0,0.0,0.0,0.0,0.0,0.0,0.0,0.0,0.0,0.0,0.0,0.0
7.150000000000386,0.0,0.0,0.0,0.0,0.0,0.0,0.0,0.0,0.0,0.0,0.0,0.0
7.2000000000003865,0.0,0.0,0.0,0.0,0.0,0.0,0.0,0.0,0.0,0.0,0.0,0.0
7.250000000000387,0.0,0.0,0.0,0.0,0.0,0.0,0.0,0.0,0.0,0.0,0.0,0.0
7.300000000000388,0.0,0.0,0.0,0.0,0.0,0.0,0.0,0.0,0.0,0.0,0.0,0.0
7.350000000000389,0.0,0.0,0.0,0.0,0.0,0.0,0.0,0.0,0.0,0.0,0.0,0.0
7.400000000000389,0.0,0.0,0.0,0.0,0.0,0.0,0.0,0.0,0.0,0.0,0.0,0.0
7.45000000000039,0.0,0.0,0.0,0.0,0.0,0.0,0.0,0.0,0.0,0.0,0.0,0.0
7.500000000000391,0.0,0.0,0.0,0.0,0.0,0.0,0.0,0.0,0.0,0.0,0.0,0.0
7.5500000000003915,0.0,0.0,0.0,0.0,0.0,0.0,0.0,0.0,0.0,0.0,0.0,0.0
7.600000000000392,0.0,0.0,0.0,0.0,0.0,0.0,0.0,0.0,0.0,0.0,0.0,0.0
7.650000000000393,0.0,0.0,0.0,0.0,0.0,0.0,0.0,0.0,0.0,0.0,0.0,0.0
7.700000000000394,0.0,0.0,0.0,0.0,0.0,0.0,0.0,0.0,0.0,0.0,0.0,0.0
7.750000000000394,0.0,0.0,0.0,0.0,0.0,0.0,0.0,0.0,0.0,0.0,0.0,0.0
7.800000000000395,0.0,0.0,0.0,0.0,0.0,0.0,0.0,0.0,0.0,0.0,0.0,0.0
7.850000000000396,0.0,0.0,0.0,0.0,0.0,0.0,0.0,0.0,0.0,0.0,0.0,0.0
7.9000000000003965,0.0,0.0,0.0,0.0,0.0,0.0,0.0,0.0,0.0,0.0,0.0,0.0
7.950000000000397,0.0,0.0,0.0,0.0,0.0,0.0,0.0,0.0,0.0,0.0,0.0,0.0
8.000000000000398,0.0,0.0,0.0,0.0,0.0,0.0,0.0,0.0,0.0,0.0,0.0,0.0
8.050000000000399,0.0,0.0,0.0,0.0,0.0,0.0,0.0,0.0,0.0,0.0,0.0,0.0
8.1000000000004,0.0,0.0,0.0,0.0,0.0,0.0,0.0,0.0,0.0,0.0,0.0,0.0
8.1500000000004,0.0,0.0,0.0,0.0,0.0,0.0,0.0,0.0,0.0,0.0,0.0,0.0
8.2000000000004,0.0,0.0,0.0,0.0,0.0,0.0,0.0,0.0,0.0,0.0,0.0,0.0
8.250000000000401,0.0,0.0,0.0,0.0,0.0,0.0,0.0,0.0,0.0,0.0,0.0,0.0
8.300000000000402,0.0,0.0,0.0,0.0,0.0,0.0,0.0,0.0,0.0,0.0,0.0,0.0
8.350000000000403,0.0,0.0,0.0,0.0,0.0,0.0,0.0,0.0,0.0,0.0,0.0,0.0
8.400000000000404,0.0,0.0,0.0,0.0,0.0,0.0,0.0,0.0,0.0,0.0,0.0,0.0
8.450000000000404,0.0,0.0,0.0,0.0,0.0,0.0,0.0,0.0,0.0,0.0,0.0,0.0
8.500000000000405,0.0,0.0,0.0,0.0,0.0,0.0,0.0,0.0,0.0,0.0,0.0,0.0
8.550000000000406,0.0,0.0,0.0,0.0,0.0,0.0,0.0,0.0,0.0,0.0,0.0,0.0
8.600000000000406,0.0,0.0,0.0,0.0,0.0,0.0,0.0,0.0,0.0,0.0,0.0,0.0
8.650000000000407,0.0,0.0,0.0,0.0,0.0,0.0,0.0,0.0,0.0,0.0,0.0,0.0
8.700000000000408,0.0,0.0,0.0,0.0,0.0,0.0,0.0,0.0,0.0,0.0,0.0,0.0
8.750000000000409,0.0,0.0,0.0,0.0,0.0,0.0,0.0,0.0,0.0,0.0,0.0,0.0
8.80000000000041,0.0,0.0,0.0,0.0,0.0,0.0,0.0,0.0,0.0,0.0,0.0,0.0
8.85000000000041,0.0,0.0,0.0,0.0,0.0,0.0,0.0,0.0,0.0,0.0,0.0,0.0
8.90000000000041,0.0,0.0,0.0,0.0,0.0,0.0,0.0,0.0,0.0,0.0,0.0,0.0
8.950000000000411,0.0,0.0,0.0,0.0,0.0,0.0,0.0,0.0,0.0,0.0,0.0,0.0
9.000000000000412,0.0,0.0,0.0,0.0,0.0,0.0,0.0,0.0,0.0,0.0,0.0,0.0
9.050000000000413,0.0,0.0,0.0,0.0,0.0,0.0,0.0,0.0,0.0,0.0,0.0,0.0
9.100000000000414,0.0,0.0,0.0,0.0,0.0,0.0,0.0,0.0,0.0,0.0,0.0,0.0
9.150000000000414,0.0,0.0,0.0,0.0,0.0,0.0,0.0,0.0,0.0,0.0,0.0,0.0
9.200000000000415,0.0,0.0,0.0,0.0,0.0,0.0,0.0,0.0,0.0,0.0,0.0,0.0
9.250000000000416,0.0,0.0,0.0,0.0,0.0,0.0,0.0,0.0,0.0,0.0,0.0,0.0
9.300000000000416,0.0,0.0,0.0,0.0,0.0,0.0,0.0,0.0,0.0,0.0,0.0,0.0
9.350000000000417,0.0,0.0,0.0,0.0,0.0,0.0,0.0,0.0,0.0,0.0,0.0,0.0
9.400000000000418,0.0,0.0,0.0,0.0,0.0,0.0,0.0,0.0,0.0,0.0,0.0,0.0
9.450000000000419,0.0,0.0,0.0,0.0,0.0,0.0,0.0,0.0,0.0,0.0,0.0,0.0
9.50000000000042,0.0,0.0,0.0,0.0,0.0,0.0,0.0,0.0,0.0,0.0,0.0,0.0
9.55000000000042,0.0,0.0,0.0,0.0,0.0,0.0,0.0,0.0,0.0,0.0,0.0,0.0
9.60000000000042,0.0,0.0,0.0,0.0,0.0,0.0,0.0,0.0,0.0,0.0,0.0,0.0
9.650000000000421,0.0,0.0,0.0,0.0,0.0,0.0,0.0,0.0,0.0,0.0,0.0,0.0
9.700000000000422,0.0,0.0,0.0,0.0,0.0,0.0,0.0,0.0,0.0,0.0,0.0,0.0
9.750000000000423,0.0,0.0,0.0,0.0,0.0,0.0,0.0,0.0,0.0,0.0,0.0,0.0
9.800000000000423,0.0,0.0,0.0,0.0,0.0,0.0,0.0,0.0,0.0,0.0,0.0,0.0
9.850000000000424,0.0,0.0,0.0,0.0,0.0,0.0,0.0,0.0,0.0,0.0,0.0,0.0
9.900000000000425,0.0,0.0,0.0,0.0,0.0,0.0,0.0,0.0,0.0,0.0,0.0,0.0
9.950000000000426,0.0,0.0,0.0,0.0,0.0,0.0,0.0,0.0,0.0,0.0,0.0,0.0
10.000000000000426,0.0,0.0,0.0,0.0,0.0,0.0,0.0,0.0,0.0,0.0,0.0,0.0
10.050000000000427,0.0,0.0,0.0,0.0,0.0,0.0,0.0,0.0,0.0,0.0,0.0,0.0
10.100000000000428,0.0,0.0,0.0,0.0,0.0,0.0,0.0,0.0,0.0,0.0,0.0,0.0
10.150000000000428,0.0,0.0,0.0,0.0,0.0,0.0,0.0,0.0,0.0,0.0,0.0,0.0
10.20000000000043,0.0,0.0,0.0,0.0,0.0,0.0,0.0,0.0,0.0,0.0,0.0,0.0
10.25000000000043,0.0,0.0,0.0,0.0,0.0,0.0,0.0,0.0,0.0,0.0,0.0,0.0
10.30000000000043,0.0,0.0,0.0,0.0,0.0,0.0,0.0,0.0,0.0,0.0,0.0,0.0
10.350000000000431,0.0,0.0,0.0,0.0,0.0,0.0,0.0,0.0,0.0,0.0,0.0,0.0
10.400000000000432,0.0,0.0,0.0,0.0,0.0,0.0,0.0,0.0,0.0,0.0,0.0,0.0
10.450000000000433,0.0,0.0,0.0,0.0,0.0,0.0,0.0,0.0,0.0,0.0,0.0,0.0
10.500000000000433,0.0,0.0,0.0,0.0,0.0,0.0,0.0,0.0,0.0,0.0,0.0,0.0
10.550000000000434,0.0,0.0,0.0,0.0,0.0,0.0,0.0,0.0,0.0,0.0,0.0,0.0
10.600000000000435,0.0,0.0,0.0,0.0,0.0,0.0,0.0,0.0,0.0,0.0,0.0,0.0
10.650000000000436,0.0,0.0,0.0,0.0,0.0,0.0,0.0,0.0,0.0,0.0,0.0,0.0
10.700000000000436,0.0,0.0,0.0,0.0,0.0,0.0,0.0,0.0,0.0,0.0,0.0,0.0
10.750000000000437,0.0,0.0,0.0,0.0,0.0,0.0,0.0,0.0,0.0,0.0,0.0,0.0
10.800000000000438,0.0,0.0,0.0,0.0,0.0,0.0,0.0,0.0,0.0,0.0,0.0,0.0
10.850000000000438,0.0,0.0,0.0,0.0,0.0,0.0,0.0,0.0,0.0,0.0,0.0,0.0
10.90000000000044,0.0,0.0,0.0,0.0,0.0,0.0,0.0,0.0,0.0,0.0,0.0,0.0
10.95000000000044,0.0,0.0,0.0,0.0,0.0,0.0,0.0,0.0,0.0,0.0,0.0,0.0
11.00000000000044,0.0,0.0,0.0,0.0,0.0,0.0,0.0,0.0,0.0,0.0,0.0,0.0
11.050000000000441,0.0,0.0,0.0,0.0,0.0,0.0,0.0,0.0,0.0,0.0,0.0,0.0
11.100000000000442,0.0,0.0,0.0,0.0,0.0,0.0,0.0,0.0,0.0,0.0,0.0,0.0
11.150000000000443,0.0,0.0,0.0,0.0,0.0,0.0,0.0,0.0,0.0,0.0,0.0,0.0
11.200000000000443,0.0,0.0,0.0,0.0,0.0,0.0,0.0,0.0,0.0,0.0,0.0,0.0
11.250000000000444,0.0,0.0,0.0,0.0,0.0,0.0,0.0,0.0,0.0,0.0,0.0,0.0
11.300000000000445,0.0,0.0,0.0,0.0,0.0,0.0,0.0,0.0,0.0,0.0,0.0,0.0
11.350000000000446,0.0,0.0,0.0,0.0,0.0,0.0,0.0,0.0,0.0,0.0,0.0,0.0
11.400000000000446,0.0,0.0,0.0,0.0,0.0,0.0,0.0,0.0,0.0,0.0,0.0,0.0
11.450000000000447,0.0,0.0,0.0,0.0,0.0,0.0,0.0,0.0,0.0,0.0,0.0,0.0
11.500000000000448,0.0,0.0,0.0,0.0,0.0,0.0,0.0,0.0,0.0,0.0,0.0,0.0
11.550000000000448,0.0,0.0,0.0,0.0,0.0,0.0,0.0,0.0,0.0,0.0,0.0,0.0
11.600000000000449,0.0,0.0,0.0,0.0,0.0,0.0,0.0,0.0,0.0,0.0,0.0,0.0
11.65000000000045,0.0,0.0,0.0,0.0,0.0,0.0,0.0,0.0,0.0,0.0,0.0,0.0
11.70000000000045,0.0,0.0,0.0,0.0,0.0,0.0,0.0,0.0,0.0,0.0,0.0,0.0
11.750000000000451,0.0,0.0,0.0,0.0,0.0,0.0,0.0,0.0,0.0,0.0,0.0,0.0
11.800000000000452,0.0,0.0,0.0,0.0,0.0,0.0,0.0,0.0,0.0,0.0,0.0,0.0
11.850000000000453,0.0,0.0,0.0,0.0,0.0,0.0,0.0,0.0,0.0,0.0,0.0,0.0
11.900000000000453,0.0,0.0,0.0,0.0,0.0,0.0,0.0,0.0,0.0,0.0,0.0,0.0
11.950000000000454,0.0,0.0,0.0,0.0,0.0,0.0,0.0,0.0,0.0,0.0,0.0,0.0
12.000000000000455,0.0,0.0,0.0,0.0,0.0,0.0,0.0,0.0,0.0,0.0,0.0,0.0
12.050000000000452,0.0,0.0,0.0,0.0,0.0,0.0,0.0,0.0,0.0,0.0,0.0,0.0
12.100000000000456,0.0,0.0,0.0,0.0,0.0,0.0,0.0,0.0,0.0,0.0,0.0,0.0
12.15000000000046,0.0,0.0,0.0,0.0,0.0,0.0,0.0,0.0,0.0,0.0,0.0,0.0
12.200000000000458,0.0,0.0,0.0,0.0,0.0,0.0,0.0,0.0,0.0,0.0,0.0,0.0
12.250000000000455,0.0,0.0,0.0,0.0,0.0,0.0,0.0,0.0,0.0,0.0,0.0,0.0
12.300000000000459,0.0,0.0,0.0,0.0,0.0,0.0,0.0,0.0,0.0,0.0,0.0,0.0
12.350000000000463,0.0,0.0,0.0,0.0,0.0,0.0,0.0,0.0,0.0,0.0,0.0,0.0
12.40000000000046,0.0,0.0,0.0,0.0,0.0,0.0,0.0,0.0,0.0,0.0,0.0,0.0
12.450000000000458,0.0,0.0,0.0,0.0,0.0,0.0,0.0,0.0,0.0,0.0,0.0,0.0
12.500000000000462,0.0,0.0,0.0,0.0,0.0,0.0,0.0,0.0,0.0,0.0,0.0,0.0
12.550000000000466,0.0,0.0,0.0,0.0,0.0,0.0,0.0,0.0,0.0,0.0,0.0,0.0
12.600000000000463,0.0,0.0,0.0,0.0,0.0,0.0,0.0,0.0,0.0,0.0,0.0,0.0
12.65000000000046,0.0,0.0,0.0,0.0,0.0,0.0,0.0,0.0,0.0,0.0,0.0,0.0
12.700000000000465,0.0,0.0,0.0,0.0,0.0,0.0,0.0,0.0,0.0,0.0,0.0,0.0
12.750000000000469,0.0,0.0,0.0,0.0,0.0,0.0,0.0,0.0,0.0,0.0,0.0,0.0
12.800000000000466,0.0,0.0,0.0,0.0,0.0,0.0,0.0,0.0,0.0,0.0,0.0,0.0
12.850000000000463,0.0,0.0,0.0,0.0,0.0,0.0,0.0,0.0,0.0,0.0,0.0,0.0
12.900000000000468,0.0,0.0,0.0,0.0,0.0,0.0,0.0,0.0,0.0,0.0,0.0,0.0
12.950000000000472,0.0,0.0,0.0,0.0,0.0,0.0,0.0,0.0,0.0,0.0,0.0,0.0
13.000000000000469,0.0,0.0,0.0,0.0,0.0,0.0,0.0,0.0,0.0,0.0,0.0,0.0
13.050000000000466,0.0,0.0,0.0,0.0,0.0,0.0,0.0,0.0,0.0,0.0,0.0,0.0
13.10000000000047,0.0,0.0,0.0,0.0,0.0,0.0,0.0,0.0,0.0,0.0,0.0,0.0
13.150000000000475,0.0,0.0,0.0,0.0,0.0,0.0,0.0,0.0,0.0,0.0,0.0,0.0
13.200000000000472,0.0,0.0,0.0,0.0,0.0,0.0,0.0,0.0,0.0,0.0,0.0,0.0
13.250000000000469,0.0,0.0,0.0,0.0,0.0,0.0,0.0,0.0,0.0,0.0,0.0,0.0
13.300000000000473,0.0,0.0,0.0,0.0,0.0,0.0,0.0,0.0,0.0,0.0,0.0,0.0
13.350000000000477,0.0,0.0,0.0,0.0,0.0,0.0,0.0,0.0,0.0,0.0,0.0,0.0
13.400000000000475,0.0,0.0,0.0,0.0,0.0,0.0,0.0,0.0,0.0,0.0,0.0,0.0
13.450000000000472,0.0,0.0,0.0,0.0,0.0,0.0,0.0,0.0,0.0,0.0,0.0,0.0
13.500000000000476,0.0,0.0,0.0,0.0,0.0,0.0,0.0,0.0,0.0,0.0,0.0,0.0
13.55000000000048,0.0,0.0,0.0,0.0,0.0,0.0,0.0,0.0,0.0,0.0,0.0,0.0
13.600000000000477,0.0,0.0,0.0,0.0,0.0,0.0,0.0,0.0,0.0,0.0,0.0,0.0
13.650000000000475,0.0,0.0,0.0,0.0,0.0,0.0,0.0,0.0,0.0,0.0,0.0,0.0
13.700000000000479,0.0,0.0,0.0,0.0,0.0,0.0,0.0,0.0,0.0,0.0,0.0,0.0
13.750000000000483,0.0,0.0,0.0,0.0,0.0,0.0,0.0,0.0,0.0,0.0,0.0,0.0
13.80000000000048,0.0,0.0,0.0,0.0,0.0,0.0,0.0,0.0,0.0,0.0,0.0,0.0
13.850000000000477,0.0,0.0,0.0,0.0,0.0,0.0,0.0,0.0,0.0,0.0,0.0,0.0
13.900000000000482,0.0,0.0,0.0,0.0,0.0,0.0,0.0,0.0,0.0,0.0,0.0,0.0
13.950000000000486,0.0,0.0,0.0,0.0,0.0,0.0,0.0,0.0,0.0,0.0,0.0,0.0
14.000000000000483,0.0,0.0,0.0,0.0,0.0,0.0,0.0,0.0,0.0,0.0,0.0,0.0
14.05000000000048,0.0,0.0,0.0,0.0,0.0,0.0,0.0,0.0,0.0,0.0,0.0,0.0
14.100000000000485,0.0,0.0,0.0,0.0,0.0,0.0,0.0,0.0,0.0,0.0,0.0,0.0
14.150000000000489,0.0,0.0,0.0,0.0,0.0,0.0,0.0,0.0,0.0,0.0,0.0,0.0
14.200000000000486,0.0,0.0,0.0,0.0,0.0,0.0,0.0,0.0,0.0,0.0,0.0,0.0
14.250000000000483,0.0,0.0,0.0,0.0,0.0,0.0,0.0,0.0,0.0,0.0,0.0,0.0
14.300000000000487,0.0,0.0,0.0,0.0,0.0,0.0,0.0,0.0,0.0,0.0,0.0,0.0
14.350000000000492,0.0,0.0,0.0,0.0,0.0,0.0,0.0,0.0,0.0,0.0,0.0,0.0
14.400000000000489,0.0,0.0,0.0,0.0,0.0,0.0,0.0,0.0,0.0,0.0,0.0,0.0
14.450000000000486,0.0,0.0,0.0,0.0,0.0,0.0,0.0,0.0,0.0,0.0,0.0,0.0
14.50000000000049,0.0,0.0,0.0,0.0,0.0,0.0,0.0,0.0,0.0,0.0,0.0,0.0
14.550000000000495,0.0,0.0,0.0,0.0,0.0,0.0,0.0,0.0,0.0,0.0,0.0,0.0
14.600000000000492,0.0,0.0,0.0,0.0,0.0,0.0,0.0,0.0,0.0,0.0,0.0,0.0
14.650000000000489,0.0,0.0,0.0,0.0,0.0,0.0,0.0,0.0,0.0,0.0,0.0,0.0
14.700000000000493,0.0,0.0,0.0,0.0,0.0,0.0,0.0,0.0,0.0,0.0,0.0,0.0
14.750000000000497,0.0,0.0,0.0,0.0,0.0,0.0,0.0,0.0,0.0,0.0,0.0,0.0
14.800000000000495,0.0,0.0,0.0,0.0,0.0,0.0,0.0,0.0,0.0,0.0,0.0,0.0
14.850000000000492,0.0,0.0,0.0,0.0,0.0,0.0,0.0,0.0,0.0,0.0,0.0,0.0
14.900000000000496,0.0,0.0,0.0,0.0,0.0,0.0,0.0,0.0,0.0,0.0,0.0,0.0
14.9500000000005,0.0,0.0,0.0,0.0,0.0,0.0,0.0,0.0,0.0,0.0,0.0,0.0
15.000000000000497,0.0,0.0,0.0,0.0,0.0,0.0,0.0,0.0,0.0,0.0,0.0,0.0
15.050000000000495,0.0,0.0,0.0,0.0,0.0,0.0,0.0,0.0,0.0,0.0,0.0,0.0
15.100000000000499,0.0,0.0,0.0,0.0,0.0,0.0,0.0,0.0,0.0,0.0,0.0,0.0
15.150000000000503,0.0,0.0,0.0,0.0,0.0,0.0,0.0,0.0,0.0,0.0,0.0,0.0
15.2000000000005,0.0,0.0,0.0,0.0,0.0,0.0,0.0,0.0,0.0,0.0,0.0,0.0
15.250000000000497,0.0,0.0,0.0,0.0,0.0,0.0,0.0,0.0,0.0,0.0,0.0,0.0
15.300000000000502,0.0,0.0,0.0,0.0,0.0,0.0,0.0,0.0,0.0,0.0,0.0,0.0
15.350000000000506,0.0,0.0,0.0,0.0,0.0,0.0,0.0,0.0,0.0,0.0,0.0,0.0
15.400000000000503,0.0,0.0,0.0,0.0,0.0,0.0,0.0,0.0,0.0,0.0,0.0,0.0
15.4500000000005,0.0,0.0,0.0,0.0,0.0,0.0,0.0,0.0,0.0,0.0,0.0,0.0
15.500000000000504,0.0,0.0,0.0,0.0,0.0,0.0,0.0,0.0,0.0,0.0,0.0,0.0
15.550000000000509,0.0,0.0,0.0,0.0,0.0,0.0,0.0,0.0,0.0,0.0,0.0,0.0
15.600000000000506,0.0,0.0,0.0,0.0,0.0,0.0,0.0,0.0,0.0,0.0,0.0,0.0
15.650000000000503,0.0,0.0,0.0,0.0,0.0,0.0,0.0,0.0,0.0,0.0,0.0,0.0
15.700000000000507,0.0,0.0,0.0,0.0,0.0,0.0,0.0,0.0,0.0,0.0,0.0,0.0
15.750000000000512,0.0,0.0,0.0,0.0,0.0,0.0,0.0,0.0,0.0,0.0,0.0,0.0
15.800000000000509,0.0,0.0,0.0,0.0,0.0,0.0,0.0,0.0,0.0,0.0,0.0,0.0
15.850000000000506,0.0,0.0,0.0,0.0,0.0,0.0,0.0,0.0,0.0,0.0,0.0,0.0
15.90000000000051,0.0,0.0,0.0,0.0,0.0,0.0,0.0,0.0,0.0,0.0,0.0,0.0
15.950000000000514,0.0,0.0,0.0,0.0,0.0,0.0,0.0,0.0,0.0,0.0,0.0,0.0
16.00000000000051,0.0,0.0,0.0,0.0,0.0,0.0,0.0,0.0,0.0,0.0,0.0,0.0
16.05000000000051,0.0,0.0,0.0,0.0,0.0,0.0,0.0,0.0,0.0,0.0,0.0,0.0
16.100000000000513,0.0,0.0,0.0,0.0,0.0,0.0,0.0,0.0,0.0,0.0,0.0,0.0
16.150000000000517,0.0,0.0,0.0,0.0,0.0,0.0,0.0,0.0,0.0,0.0,0.0,0.0
16.200000000000514,0.0,0.0,0.0,0.0,0.0,0.0,0.0,0.0,0.0,0.0,0.0,0.0
16.25000000000051,0.0,0.0,0.0,0.0,0.0,0.0,0.0,0.0,0.0,0.0,0.0,0.0
16.300000000000516,0.0,0.0,0.0,0.0,0.0,0.0,0.0,0.0,0.0,0.0,0.0,0.0
16.35000000000052,0.0,0.0,0.0,0.0,0.0,0.0,0.0,0.0,0.0,0.0,0.0,0.0
16.400000000000517,0.0,0.0,0.0,0.0,0.0,0.0,0.0,0.0,0.0,0.0,0.0,0.0
16.450000000000514,0.0,0.0,0.0,0.0,0.0,0.0,0.0,0.0,0.0,0.0,0.0,0.0
16.50000000000052,0.0,0.0,0.0,0.0,0.0,0.0,0.0,0.0,0.0,0.0,0.0,0.0
16.550000000000523,0.0,0.0,0.0,0.0,0.0,0.0,0.0,0.0,0.0,0.0,0.0,0.0
16.60000000000052,0.0,0.0,0.0,0.0,0.0,0.0,0.0,0.0,0.0,0.0,0.0,0.0
16.650000000000517,0.0,0.0,0.0,0.0,0.0,0.0,0.0,0.0,0.0,0.0,0.0,0.0
16.70000000000052,0.0,0.0,0.0,0.0,0.0,0.0,0.0,0.0,0.0,0.0,0.0,0.0
16.750000000000526,0.0,0.0,0.0,0.0,0.0,0.0,0.0,0.0,0.0,0.0,0.0,0.0
16.800000000000523,0.0,0.0,0.0,0.0,0.0,0.0,0.0,0.0,0.0,0.0,0.0,0.0
16.85000000000052,0.0,0.0,0.0,0.0,0.0,0.0,0.0,0.0,0.0,0.0,0.0,0.0
16.900000000000524,0.0,0.0,0.0,0.0,0.0,0.0,0.0,0.0,0.0,0.0,0.0,0.0
16.95000000000053,0.0,0.0,0.0,0.0,0.0,0.0,0.0,0.0,0.0,0.0,0.0,0.0
17.000000000000526,0.0,0.0,0.0,0.0,0.0,0.0,0.0,0.0,0.0,0.0,0.0,0.0
17.050000000000523,0.0,0.0,0.0,0.0,0.0,0.0,0.0,0.0,0.0,0.0,0.0,0.0
17.100000000000527,0.0,0.0,0.0,0.0,0.0,0.0,0.0,0.0,0.0,0.0,0.0,0.0
17.15000000000053,0.0,0.0,0.0,0.0,0.0,0.0,0.0,0.0,0.0,0.0,0.0,0.0
17.20000000000053,0.0,0.0,0.0,0.0,0.0,0.0,0.0,0.0,0.0,0.0,0.0,0.0
17.250000000000526,0.0,0.0,0.0,0.0,0.0,0.0,0.0,0.0,0.0,0.0,0.0,0.0
17.30000000000053,0.0,0.0,0.0,0.0,0.0,0.0,0.0,0.0,0.0,0.0,0.0,0.0
17.350000000000534,0.0,0.0,0.0,0.0,0.0,0.0,0.0,0.0,0.0,0.0,0.0,0.0
17.40000000000053,0.0,0.0,0.0,0.0,0.0,0.0,0.0,0.0,0.0,0.0,0.0,0.0
17.45000000000053,0.0,0.0,0.0,0.0,0.0,0.0,0.0,0.0,0.0,0.0,0.0,0.0
17.500000000000533,0.0,0.0,0.0,0.0,0.0,0.0,0.0,0.0,0.0,0.0,0.0,0.0
17.550000000000537,0.0,0.0,0.0,0.0,0.0,0.0,0.0,0.0,0.0,0.0,0.0,0.0
17.600000000000534,0.0,0.0,0.0,0.0,0.0,0.0,0.0,0.0,0.0,0.0,0.0,0.0
17.65000000000053,0.0,0.0,0.0,0.0,0.0,0.0,0.0,0.0,0.0,0.0,0.0,0.0
17.700000000000536,0.0,0.0,0.0,0.0,0.0,0.0,0.0,0.0,0.0,0.0,0.0,0.0
17.75000000000054,0.0,0.0,0.0,0.0,0.0,0.0,0.0,0.0,0.0,0.0,0.0,0.0
17.800000000000537,0.0,0.0,0.0,0.0,0.0,0.0,0.0,0.0,0.0,0.0,0.0,0.0
17.850000000000534,0.0,0.0,0.0,0.0,0.0,0.0,0.0,0.0,0.0,0.0,0.0,0.0
17.90000000000054,0.0,0.0,0.0,0.0,0.0,0.0,0.0,0.0,0.0,0.0,0.0,0.0
17.950000000000543,0.0,0.0,0.0,0.0,0.0,0.0,0.0,0.0,0.0,0.0,0.0,0.0
18.00000000000054,0.0,0.0,0.0,0.0,0.0,0.0,0.0,0.0,0.0,0.0,0.0,0.0
18.050000000000537,0.0,0.0,0.0,0.0,0.0,0.0,0.0,0.0,0.0,0.0,0.0,0.0
18.10000000000054,0.0,0.0,0.0,0.0,0.0,0.0,0.0,0.0,0.0,0.0,0.0,0.0
18.150000000000546,0.0,0.0,0.0,0.0,0.0,0.0,0.0,0.0,0.0,0.0,0.0,0.0
18.200000000000543,0.0,0.0,0.0,0.0,0.0,0.0,0.0,0.0,0.0,0.0,0.0,0.0
18.25000000000054,0.0,0.0,0.0,0.0,0.0,0.0,0.0,0.0,0.0,0.0,0.0,0.0
18.300000000000544,0.0,0.0,0.0,0.0,0.0,0.0,0.0,0.0,0.0,0.0,0.0,0.0
18.35000000000055,0.0,0.0,0.0,0.0,0.0,0.0,0.0,0.0,0.0,0.0,0.0,0.0
18.400000000000546,0.0,0.0,0.0,0.0,0.0,0.0,0.0,0.0,0.0,0.0,0.0,0.0
18.450000000000543,0.0,0.0,0.0,0.0,0.0,0.0,0.0,0.0,0.0,0.0,0.0,0.0
18.500000000000547,0.0,0.0,0.0,0.0,0.0,0.0,0.0,0.0,0.0,0.0,0.0,0.0
18.55000000000055,0.0,0.0,0.0,0.0,0.0,0.0,0.0,0.0,0.0,0.0,0.0,0.0
18.60000000000055,0.0,0.0,0.0,0.0,0.0,0.0,0.0,0.0,0.0,0.0,0.0,0.0
18.650000000000546,0.0,0.0,0.0,0.0,0.0,0.0,0.0,0.0,0.0,0.0,0.0,0.0
18.70000000000055,0.0,0.0,0.0,0.0,0.0,0.0,0.0,0.0,0.0,0.0,0.0,0.0
18.750000000000554,0.0,0.0,0.0,0.0,0.0,0.0,0.0,0.0,0.0,0.0,0.0,0.0
18.80000000000055,0.0,0.0,0.0,0.0,0.0,0.0,0.0,0.0,0.0,0.0,0.0,0.0
18.85000000000055,0.0,0.0,0.0,0.0,0.0,0.0,0.0,0.0,0.0,0.0,0.0,0.0
18.900000000000553,0.0,0.0,0.0,0.0,0.0,0.0,0.0,0.0,0.0,0.0,0.0,0.0
18.950000000000557,0.0,0.0,0.0,0.0,0.0,0.0,0.0,0.0,0.0,0.0,0.0,0.0
19.000000000000554,0.0,0.0,0.0,0.0,0.0,0.0,0.0,0.0,0.0,0.0,0.0,0.0
19.05000000000055,0.0,0.0,0.0,0.0,0.0,0.0,0.0,0.0,0.0,0.0,0.0,0.0
19.100000000000556,0.0,0.0,0.0,0.0,0.0,0.0,0.0,0.0,0.0,0.0,0.0,0.0
19.15000000000056,0.0,0.0,0.0,0.0,0.0,0.0,0.0,0.0,0.0,0.0,0.0,0.0
19.200000000000557,0.0,0.0,0.0,0.0,0.0,0.0,0.0,0.0,0.0,0.0,0.0,0.0
19.250000000000554,0.0,0.0,0.0,0.0,0.0,0.0,0.0,0.0,0.0,0.0,0.0,0.0
19.30000000000056,0.0,0.0,0.0,0.0,0.0,0.0,0.0,0.0,0.0,0.0,0.0,0.0
19.350000000000563,0.0,0.0,0.0,0.0,0.0,0.0,0.0,0.0,0.0,0.0,0.0,0.0
19.40000000000056,0.0,0.0,0.0,0.0,0.0,0.0,0.0,0.0,0.0,0.0,0.0,0.0
19.450000000000557,0.0,0.0,0.0,0.0,0.0,0.0,0.0,0.0,0.0,0.0,0.0,0.0
19.50000000000056,0.0,0.0,0.0,0.0,0.0,0.0,0.0,0.0,0.0,0.0,0.0,0.0
19.550000000000566,0.0,0.0,0.0,0.0,0.0,0.0,0.0,0.0,0.0,0.0,0.0,0.0
19.600000000000563,0.0,0.0,0.0,0.0,0.0,0.0,0.0,0.0,0.0,0.0,0.0,0.0
19.65000000000056,0.0,0.0,0.0,0.0,0.0,0.0,0.0,0.0,0.0,0.0,0.0,0.0
19.700000000000564,0.0,0.0,0.0,0.0,0.0,0.0,0.0,0.0,0.0,0.0,0.0,0.0
19.75000000000057,0.0,0.0,0.0,0.0,0.0,0.0,0.0,0.0,0.0,0.0,0.0,0.0
19.800000000000566,0.0,0.0,0.0,0.0,0.0,0.0,0.0,0.0,0.0,0.0,0.0,0.0
19.850000000000563,0.0,0.0,0.0,0.0,0.0,0.0,0.0,0.0,0.0,0.0,0.0,0.0
19.900000000000567,0.0,0.0,0.0,0.0,0.0,0.0,0.0,0.0,0.0,0.0,0.0,0.0
19.95000000000057,0.0,0.0,0.0,0.0,0.0,0.0,0.0,0.0,0.0,0.0,0.0,0.0
